animal,session_file,model,negloglike,bic,nlike,par_H,par_beta,par_alpha_k,par_beta_k
1806,1806_phase3_R71_NoCue_1805021142.log,belief,35.49223349785416,80.00618600874202,0.6770402570638927,0.06342546227863947,5.923753752623562,,
1806,1806_phase3_R71_NoCue_1805021142.log,belief_ck,32.69835840291011,83.44015483188761,0.6981490782902262,0.09796246665312243,3.2116278235405695,0.999999,1.222885769323684
1806,1806_phase3_R71_NoCue_1805101101.log,belief,266.3307754955735,544.5680376597226,0.5006899418420442,0.9731747153072592,0.30580248001232263,,
1806,1806_phase3_R71_NoCue_1805101101.log,belief_ck,100.04712577631457,223.90722488978028,0.7711574859429183,0.19537810300044287,2.268278262973219,0.3464868481856595,3.2206324610503807
1806,1806_phase3_R71_NoCue_1805121427.log,belief,414.50755702162087,841.802295551143,0.499995365366987,0.999999,0.001,,
1806,1806_phase3_R71_NoCue_1805121427.log,belief_ck,197.58826202701192,420.7508870698264,0.7186253313920964,0.23871280195279562,2.8832750246752945,0.3800348798272778,2.8379948871611496
1806,1806_phase3_R71_NoCue_1805141012.log,belief,554.9997885074976,1123.3712989091318,0.500131792098327,0.999999,0.08432728525976346,,
1806,1806_phase3_R71_NoCue_1805141012.log,belief_ck,212.7497899843948,452.24302375706304,0.7667417536833342,0.19501870259882184,2.982847946996353,0.3841472943972043,3.182540869167098
1806,1806_phase3_R71_NoCue_1805151718.log,belief,443.87256028484825,900.7265676387015,0.5098928263780922,0.5057621629419456,100.0,,
1806,1806_phase3_R71_NoCue_1805151718.log,belief_ck,119.17021206520069,264.30331826841143,0.8345731189272242,0.29043501952185513,3.0078022833424485,0.4709229207385693,3.624465626652617
1806,1806_phase3_R71_NoCue_1805161014.log,belief,315.6749954708978,644.186720813668,0.5975200936607614,0.5209707112430105,100.0,,
1806,1806_phase3_R71_NoCue_1805161014.log,belief_ck,32.733844423065754,91.14114858987635,0.9480012862352963,0.4946948244583972,78.31172163578044,0.43685075330196055,5.099599127041392
1806,1806_phase3_R71_NoCue_1805171059.log,belief,291.44463757515894,595.2983906754553,0.5550056164226911,0.5153247413974673,100.0,,
1806,1806_phase3_R71_NoCue_1805171059.log,belief_ck,24.943250854910627,74.70473276009602,0.9508581315293515,0.4042841310039086,18.061061655176747,0.5258196170681124,5.737870175818583
1806,1806_phase3_R71_NoCue_1805181532.log,belief,141.1845905135406,293.6458903657487,0.6050547887267052,0.5215154115003454,100.0,,
1806,1806_phase3_R71_NoCue_1805181532.log,belief_ck,16.11840886775011,54.7902364128352,0.9442532404253134,0.4826175286869667,100.0,0.22146274101898536,6.08718866685908
1806,1806_phase3_R71_NoCue_1805211627.log,belief,14.38462573623586,35.82197252170404,0.6550280449562808,0.0001334787019717313,3.3454668525187876,,
1806,1806_phase3_R71_NoCue_1805211627.log,belief_ck,11.176363746770182,36.45816959200501,0.7198470063101802,0.32796980941110865,6.465216853284493,0.6538287793832273,2.279878251388767
1806,1806_phase3_R71_NoCue_1805211635.log,belief,565.1489029714378,1143.711530616081,0.5011293240219616,0.501940959343136,100.0,,
1806,1806_phase3_R71_NoCue_1805211635.log,belief_ck,200.3185318907823,427.4645131279756,0.7827920645341013,0.2519845051046807,2.885657775340684,0.48766083032564733,3.1905954652653548
1806,1806_phase3_R71_NoCue_1805221703.log,belief,445.11086616654666,903.4645436366216,0.5528376503749485,0.00024667617419173274,1.7154924954246715,,
1806,1806_phase3_R71_NoCue_1805221703.log,belief_ck,225.16756247597831,476.82074755901317,0.7409488741868527,0.11336129865159551,2.006595275850968,0.5336450532348085,2.593416023712116
1806,1806_phase3_R71_NoCue_1805231439.log,belief,304.3333251310357,620.8717674512985,0.5061940529984233,0.05106420360603692,0.7478445380013846,,
1806,1806_phase3_R71_NoCue_1805231439.log,belief_ck,176.4488578877872,377.3079501540287,0.6738551014151285,0.0968554649426729,1.075152597549384,0.38885069042221676,2.3677394753122534
1806,1806_phase3_R71_NoCue_1805241231.log,belief,303.32124986630276,618.8874853516343,0.5141819028535505,1e-06,0.8542181244376639,,
1806,1806_phase3_R71_NoCue_1805241231.log,belief_ck,146.14934996593732,316.7886711699322,0.725783904657343,0.11452461156879853,1.5685688829833824,0.43845646030773944,2.677392811008003
1806,1806_phase3_R71_NoCue_1805251320.log,belief,193.04741783456396,397.53545922234275,0.531027030809822,3.2978986219572304e-05,1.272458788199745,,
1806,1806_phase3_R71_NoCue_1805251320.log,belief_ck,111.9138185783585,246.70888426314664,0.6928577604633411,0.025776710999957455,0.8534803008654311,0.4708243930706108,2.3596808167476953
1806,1806_phase3_R71_NoCue_1805271825.log,belief,536.559209026148,1086.510015886413,0.5151806884912583,7.03793473717189e-05,0.8938269936431319,,
1806,1806_phase3_R71_NoCue_1805271825.log,belief_ck,361.84017210748465,750.4635398832032,0.6393722488709223,0.15802021320318152,1.518489883054286,0.5393730522311382,1.9650305208266532
1806,1806_phase3_R71_NoCue_1805281218.log,belief,269.8783403103587,551.6992043002983,0.502346502260075,0.502758441268474,100.0,,
1806,1806_phase3_R71_NoCue_1805281218.log,belief_ck,102.26863887561325,228.42232511038836,0.7703661290388606,0.0334475579080534,0.7262599250729876,0.4332595612744781,3.0681976061909797
1806,1806_phase3_R71_NoCue_1805291147.log,belief,268.63269091722503,549.6046032994329,0.5700717338383177,0.0013570265749676532,2.0715775753498784,,
1806,1806_phase3_R71_NoCue_1805291147.log,belief_ck,167.47656990146282,359.6315827328915,0.7044278308730865,0.052080079054545814,1.6904639583222585,0.39352538849585117,2.434608181602816
1806,1806_phase3_R71_NoCue_1805301635.log,belief,57.53130488069944,123.90029097699207,0.4999994644929134,0.999999,0.001,,
1806,1806_phase3_R71_NoCue_1805301635.log,belief_ck,5.678661775830362,29.032685982847116,0.933870396875332,1e-06,6.7939704602680235,0.999999,8.05128108830354
1806,1806_phase3_R71_NoCue_1805301650.log,belief,17.161378267338907,40.91443026668647,0.5296141256082428,0.5106325124486824,100.0,,
1806,1806_phase3_R71_NoCue_1805301650.log,belief_ck,4.113857249590045,21.411061963197405,0.8586747356878555,1e-06,100.0,0.999999,62.37938075459075
1806,1806_phase3_R71_NoCue_1805301655.log,belief,301.08220942341234,614.3695360360518,0.5098891194413075,0.5058700049187321,100.0,,
1806,1806_phase3_R71_NoCue_1805301655.log,belief_ck,77.97946161865376,180.3691576157618,0.8399182635864615,0.3416978107363559,7.637416258568937,0.38871469082663285,3.9874505390006676
1806,1806_phase3_R71_NoCue_1806011154.log,belief,395.59719584055796,804.4949497782908,0.5994344281739455,0.0010906764180561765,2.48729803341551,,
1806,1806_phase3_R71_NoCue_1806011154.log,belief_ck,202.78847253249975,432.1780612593492,0.7692497802138913,0.1156900314040588,2.9672161181850023,0.5956874201588348,2.666853556401058
1806,1806_phase3_R71_NoCue_1806021444.log,belief,20.129605317314535,47.636969542856946,0.6045686001307911,1e-06,2.6345964076989534,,
1806,1806_phase3_R71_NoCue_1806021444.log,belief_ck,2.7376268355580162,20.23077148757178,0.9338488628828973,1e-06,100.0,0.999999,60.86421268433094
1806,1806_phase3_R71_NoCue_1806021451.log,belief,476.05722123829236,965.1993863975983,0.50360582312215,0.017310498492422614,0.4766753136686825,,
1806,1806_phase3_R71_NoCue_1806021451.log,belief_ck,205.3313527109671,436.8325932639614,0.7438867284361416,0.1762669359746706,1.6465246852631161,0.5075776506045535,2.7408460777060757
1806,1806_phase3_R71_NoCue_1806031545.log,belief,317.04578083170725,646.7330982519156,0.5653975174500635,0.000744426766594401,1.9406684053548962,,
1806,1806_phase3_R71_NoCue_1806031545.log,belief_ck,104.52812399460879,234.33932116621992,0.8286145224417724,0.1062311871772067,4.059589278311119,0.5012423275039074,3.4905656878261198
1806,1806_phase3_R71_NoCue_1806061022.log,belief,29.467863357562056,66.45812694651124,0.5039394546194271,0.999999,0.6868572574715806,,
1806,1806_phase3_R71_NoCue_1806061022.log,belief_ck,9.07690852838087,33.198617519535986,0.8097004649956301,0.3414120141042035,4.970225007665219,0.3284601271528222,4.119126230176812
1806,1806_phase3_R71_NoCue_1806061034.log,belief,276.446331680292,565.3378158967267,0.5778132113170402,0.01240950081463045,2.342612485322847,,
1806,1806_phase3_R71_NoCue_1806061034.log,belief_ck,142.81693069228533,310.5241664568561,0.7532433525942928,0.1395397991913453,3.1526888646592415,0.6107808179895573,2.4940767499072156
1806,1806_phase3_R71_NoCue_1806161500.log,belief,155.2792390862638,322.01867773847476,0.6040167354957827,0.5212387998364306,100.0,,
1806,1806_phase3_R71_NoCue_1806161500.log,belief_ck,124.79406511409734,272.50852936008897,0.6668597426356389,0.5146104526187738,100.0,0.14719945560662145,1.9616833765659887
1806,1806_phase3_R71_NoCue_1806171643.log,belief,157.75620211303453,326.67939684363245,0.5526289777202914,0.5139478079489935,100.0,,
1806,1806_phase3_R71_NoCue_1806171643.log,belief_ck,132.47836878919722,287.29072281352126,0.6077212452171585,0.5110549134656313,100.0,0.06400164827752804,2.1046989754145677
1806,1806_phase3_R71_NoCue_1806191824.log,belief,64.58778137040385,138.57652347239252,0.5559028952463976,0.5148433340532921,100.0,,
1806,1806_phase3_R71_NoCue_1806191824.log,belief_ck,1.0095078977880565,20.82093725874578,0.9908646387710357,0.09093227791003605,100.0,0.10384022263814448,58.832244687237655
1806,1806_phase3_R71_NoCue_1806191855.log,belief,310.4640549003105,633.1376962654509,0.5000735344140846,0.4922732494543197,5.966613144521359,,
1806,1806_phase3_R71_NoCue_1806191855.log,belief_ck,128.1756982588437,280.7705694473474,0.7511826337790822,0.49244618861864237,100.0,0.47461258046577504,2.902246940014956
1806,1806_phase3_R71_NoCue_1806201429.log,belief,233.20237801758282,478.62325120069437,0.5955752661190578,0.5197873157850108,100.0,,
1806,1806_phase3_R71_NoCue_1806201429.log,belief_ck,214.35892502426634,453.15484037959015,0.6210441114003343,0.5149922081490529,100.0,0.2569759832532401,1.2521103444351258
1806,1806_phase3_R71_NoCue_1806211054.log,belief,449.6701020947856,912.2941489153505,0.5006739655673402,0.999999,0.1972094925577822,,
1806,1806_phase3_R71_NoCue_1806211054.log,belief_ck,153.35432351095736,332.61653647347345,0.7898361749725419,0.5040522910610916,13.255977511164668,0.23446185607133258,3.231811605887078
1806,1806_phase3_R71_NoCue_1808011104.log,belief,260.9567069441299,533.8094838666211,0.5059339740414727,0.5046332338464107,100.0,,
1806,1806_phase3_R71_NoCue_1808011104.log,belief_ck,116.46027574015172,256.712691437026,0.7378063944088163,0.49782723869069895,72.92339574849265,0.44538230470545526,2.771003920617195
1806,1806_phase3_R71_NoCue_1808021013.log,belief,302.8253581869413,617.833336138038,0.5040270988650364,0.5036538985536813,100.0,,
1806,1806_phase3_R71_NoCue_1808021013.log,belief_ck,71.51395508555827,167.3931496994273,0.850614475368998,0.14267705959242544,2.700040696026098,0.5848104825385566,3.804688792991691
1806,1806_phase3_R71_NoCue_1808030933.log,belief,223.93706827895167,459.53202779312375,0.5175555399044203,0.5076922627814511,100.0,,
1806,1806_phase3_R71_NoCue_1808030933.log,belief_ck,100.69737611910158,224.710534708644,0.7436619220336153,0.5068411425613691,12.490877544018328,0.44032927427002483,2.77740861414535
1806,1806_phase3_R71_NoCue_1808031030.log,belief,139.3120590073943,289.4740180497514,0.5413390367879526,0.5123259315637967,100.0,,
1806,1806_phase3_R71_NoCue_1808031030.log,belief_ck,26.391053600870517,74.48190727166664,0.8902435980597061,0.49305052485336537,7.415708110757778,0.266276729571069,4.353568658313482
1806,1806_phase3_R71_NoCue_1808060827.log,belief,386.9095042888698,786.4713075240498,0.5005009391841583,0.4903253534445861,12.617337590602594,,
1806,1806_phase3_R71_NoCue_1808060827.log,belief_ck,227.7863705619581,480.8773390165366,0.6653187465817092,0.3255798252344794,2.0947570910301234,0.5752017202407853,2.1518481571315444
1806,1806_phase3_R71_NoCue_1808071049.log,belief,291.03079719808017,594.1798407873239,0.5066278856972587,0.5048572575961158,100.0,,
1806,1806_phase3_R71_NoCue_1808071049.log,belief_ck,164.51747518708189,353.27144315649093,0.6808681361401332,0.4953031764555876,31.248594257403237,0.4554324244929187,2.396494932674375
1806,1806_phase3_R71_NoCue_1808080851.log,belief,386.3294973406545,785.3572726640685,0.5089521782886595,0.5055570851931916,100.0,,
1806,1806_phase3_R71_NoCue_1808080851.log,belief_ck,136.55153851454273,298.49963299460467,0.7876302966269118,0.4936824287575952,40.62929911712825,0.49710744650307875,3.0832349382826503
1806,1806_phase3_R71_NoCue_1808090906.log,belief,555.2199463852055,1123.8166021983045,0.5008582947347642,0.999999,0.22808803449205864,,
1806,1806_phase3_R71_NoCue_1808090906.log,belief_ck,156.1319462803282,339.0173114164435,0.8232990335057417,0.24570283265432372,1.1784343885545432,0.4424002730913047,3.4603417967485424
1806,1806_phase3_R71_NoCue_1808100953.log,belief,152.81104864867098,316.5497609073932,0.5233501984829704,0.5098344959788426,93.37314656170781,,
1806,1806_phase3_R71_NoCue_1808100953.log,belief_ck,33.69055644524356,89.23644011058956,0.8669650667548308,0.999999,0.3625934377412155,0.47506234085373483,3.787735612532877
1806,1806_phase3_R71_NoCue_1808101404.log,belief,523.9164775811126,1061.1022218779488,0.5023501358695598,0.5027740465964607,100.0,,
1806,1806_phase3_R71_NoCue_1808101404.log,belief_ck,84.48717037495062,195.512874181348,0.8949197327117145,0.2241553218265476,6.263300305337122,0.48974895296171395,4.708856176863823
1806,1806_phase3_R71_NoCue_1808112047.log,belief,442.15278854855853,897.2222536638067,0.5000588691774449,0.999999,0.05486926495077912,,
1806,1806_phase3_R71_NoCue_1808112047.log,belief_ck,115.16444712300417,256.1622473793875,0.8348455529135123,0.21441545799265765,4.933876840444427,0.6270818175324336,3.6188279505972245
1806,1806_phase3_R71_NoCue_1808130910.log,belief,355.3527806029324,723.22089638163,0.5062359301406726,0.13521806547041265,1.0412293094516283,,
1806,1806_phase3_R71_NoCue_1808130910.log,belief_ck,138.5080936804742,302.0468577124789,0.7669442426467808,0.3657085584243871,10.842207175354082,0.47109805913515257,3.1404869728993967
1806,1806_phase3_R71_NoCue_1808140812.log,belief,329.2710469035847,671.2050975069568,0.5566093995824276,0.5149034418797963,100.0,,
1806,1806_phase3_R71_NoCue_1808140812.log,belief_ck,74.03213109194476,173.3902695834643,0.8765778401574844,0.4903161626297343,50.74309643417902,0.3597124262438834,4.112769756411334
1806,1806_phase3_R71_NoCue_1808151016.log,belief,167.70700283252947,346.3918811173723,0.5000715234270494,0.49842101053712556,28.717380449862468,,
1806,1806_phase3_R71_NoCue_1808151016.log,belief_ck,57.873206903223824,137.7021647110744,0.7873003351698546,0.18950082139040625,1.6733400776997391,0.49680742129822536,3.113983838459386
1806,1806_phase3_R71_NoCue_1808151102.log,belief,146.94210953375907,304.83714617138116,0.5407379263589399,0.0005916407897293883,1.524887410697241,,
1806,1806_phase3_R71_NoCue_1808151102.log,belief_ck,81.80026509633717,185.50638440040038,0.7101631664730382,0.15275042363730934,2.233254064883181,0.4977468949159431,2.4754093945094517
1806,1806_phase3_R71_NoCue_1809171308.log,belief,241.39310867885723,494.4963612021193,0.5007387362208593,0.5105341016822161,14.254561230669134,,
1806,1806_phase3_R71_NoCue_1809171308.log,belief_ck,38.51164361995038,100.44357492871046,0.8955219475653916,0.3633300759939377,100.0,0.999999,12.724855653365372
1807,1807_phase3_R71_NoCue_1805021149.log,belief,80.80994736825194,172.0058084382843,0.6383017455449805,0.0959124562890649,5.086373553775225,,
1807,1807_phase3_R71_NoCue_1805021149.log,belief_ck,80.13524076646064,181.04230893648213,0.6406988264316977,0.14728506021536164,5.034315045349854,0.2284992329757981,0.6698848622267446
1807,1807_phase3_R71_NoCue_1805101105.log,belief,382.1869926519822,777.2009032182991,0.5344398694542833,5.9159746636610456e-05,1.31817745519612,,
1807,1807_phase3_R71_NoCue_1805101105.log,belief_ck,308.2136100920071,642.0810560126837,0.603343728931515,0.03377528778846705,1.014706550116987,0.2760981057759878,1.932449280382486
1807,1807_phase3_R71_NoCue_1805111310.log,belief,231.13724051952087,474.1861557779714,0.5494699782810927,1e-06,1.5882675540383382,,
1807,1807_phase3_R71_NoCue_1805111310.log,belief_ck,164.30497418953334,352.433297856926,0.65333807689716,0.03666698362971551,1.2790596962814351,0.2048847280818539,2.5130184757718954
1807,1807_phase3_R71_NoCue_1805121428.log,belief,327.0449655982431,666.4038891676573,0.5001276684426978,0.999999,0.08170542471431205,,
1807,1807_phase3_R71_NoCue_1805121428.log,belief_ck,118.20501740591881,261.03795075417986,0.7784625774681309,0.5155540532082502,3.9336131621267096,0.2976556419050071,3.130686463274436
1807,1807_phase3_R71_NoCue_1805121805.log,belief,202.76399478200204,417.3924799389001,0.5840109595800889,0.5191593792112786,100.0,,
1807,1807_phase3_R71_NoCue_1805121805.log,belief_ck,26.103315664305622,75.9356120784033,0.9331031152956518,1e-06,3.9576387956264685,0.09084381563155787,7.1352454682830935
1807,1807_phase3_R71_NoCue_1805141541.log,belief,409.48340834363114,831.7706510807167,0.5070848347693788,0.5048754604242404,100.0,,
1807,1807_phase3_R71_NoCue_1805141541.log,belief_ck,157.08955652688863,339.786781840686,0.7706558597738398,0.02045401578269496,0.5618606300118811,0.2950158177190216,3.24002531126225
1807,1807_phase3_R71_NoCue_1805160845.log,belief,387.7772556715107,788.2103849104798,0.5003440160088818,0.999999,0.1379558827683494,,
1807,1807_phase3_R71_NoCue_1805160845.log,belief_ck,19.841553785319025,64.99485470555483,0.9651889959971008,0.03766489158882655,2.889129250415941,0.24076476936083183,6.70807876703335
1807,1807_phase3_R71_NoCue_1805161138.log,belief,184.96506198536727,381.78930225751435,0.6114461705022907,0.5235051571902828,100.0,,
1807,1807_phase3_R71_NoCue_1805161138.log,belief_ck,19.441329311525823,62.60101519661123,0.9496083305203952,1e-06,2.364420842112533,0.018593565525828464,8.33768275744308
1807,1807_phase3_R71_NoCue_1805171209.log,belief,188.48046797434486,388.17254008128174,0.5001021522313783,0.9998831116091622,0.07355282575162235,,
1807,1807_phase3_R71_NoCue_1805171209.log,belief_ck,54.92300013216589,132.26920852951577,0.8171580145153654,0.002868867421540211,1.7467185991722773,0.3690881993400841,3.4773992095417094
1807,1807_phase3_R71_NoCue_1805181453.log,belief,81.60161094199289,172.907282411825,0.5286056514659954,0.5101699173737829,100.0,,
1807,1807_phase3_R71_NoCue_1805181453.log,belief_ck,26.53898531081328,72.48609167730503,0.8127466653402375,0.05805701212109419,7.215390143291372,0.10284172068344112,6.984629134264898
1807,1807_phase3_R71_NoCue_1805181513.log,belief,105.2214149071936,220.60563854435614,0.5201962363943622,0.509057525738446,100.0,,
1807,1807_phase3_R71_NoCue_1805181513.log,belief_ck,37.387481836734665,95.10058113340719,0.792771389860467,0.9194750265262844,2.2371184612619532,0.24334112733859045,3.5007524725378567
1807,1807_phase3_R71_NoCue_1805211719.log,belief,378.06501074011373,768.7823204265377,0.5084828393267482,0.0003338556355825718,0.6713481774799457,,
1807,1807_phase3_R71_NoCue_1805211719.log,belief_ck,138.0312511592736,301.3671002111676,0.7811990350988727,0.1493296342580329,2.342345183515741,0.506206677207644,3.1225003004567573
1807,1807_phase3_R71_NoCue_1805221706.log,belief,267.11248813257447,546.8844180761944,0.6211787834162807,0.5234677015738398,100.0,,
1807,1807_phase3_R71_NoCue_1805221706.log,belief_ck,0.6931471805605048,26.705177983211794,0.9987652065140402,0.999999,0.001,0.999999,100.0
1807,1807_phase3_R71_NoCue_1805221832.log,belief,385.30261663103886,783.2611068295361,0.5025599278075928,0.5029658745106865,100.0,,
1807,1807_phase3_R71_NoCue_1805221832.log,belief_ck,195.12908387622267,415.56991488736213,0.7057848784709961,0.25300674926444977,2.4887704395230563,0.36028745294204034,2.8160103409672046
1807,1807_phase3_R71_NoCue_1805231428.log,belief,703.4521966797048,1420.821290146005,0.512384071594996,0.5065962575773748,100.0,,
1807,1807_phase3_R71_NoCue_1805231428.log,belief_ck,349.9717146234204,727.7772228200314,0.7170048081111077,0.1452561318740461,0.6604404536668199,0.31232862346809964,2.8364886550017485
1807,1807_phase3_R71_NoCue_1805241336.log,belief,43.27876747395954,94.93684443197193,0.5190583880311523,0.5083666866778458,100.0,,
1807,1807_phase3_R71_NoCue_1805241336.log,belief_ck,21.52594045310823,59.81049987432216,0.7216964824269146,0.9953617833490722,3.3518153841939844,0.3085471830911274,3.729554235326455
1807,1807_phase3_R71_NoCue_1805241348.log,belief,435.9455614808926,884.779385475186,0.5000349893730966,0.999999,0.042967776602742425,,
1807,1807_phase3_R71_NoCue_1805241348.log,belief_ck,99.75891792562645,225.29436087805465,0.8533382797716371,0.3066210794258249,4.56049610710211,0.3573715764309449,4.091244368631097
1807,1807_phase3_R71_NoCue_1805251326.log,belief,89.05951796889843,188.04472519831668,0.5364436087454372,0.5115795508270717,100.0,,
1807,1807_phase3_R71_NoCue_1805251326.log,belief_ck,13.062818259734517,45.97701504050866,0.9126996897008567,0.5142028533955652,1.389186199864429,0.14689565679597738,4.934918843745976
1807,1807_phase3_R71_NoCue_1805251350.log,belief,178.34907181691375,368.0240645940994,0.5383385667760129,0.5123487721108416,100.0,,
1807,1807_phase3_R71_NoCue_1805251350.log,belief_ck,63.146180171238164,148.94420226302012,0.8031148331921625,0.10961608697433554,2.3711293403401394,0.23052607161024527,4.055119364029824
1807,1807_phase3_R71_NoCue_1805271823.log,belief,651.5590505728553,1316.8098608962387,0.4999996272094439,0.999999,0.001,,
1807,1807_phase3_R71_NoCue_1805271823.log,belief_ck,203.88079462220028,435.14510874545675,0.8050149241939631,0.07324735397002259,1.4294773840695139,0.503469283451735,3.3281242414103342
1807,1807_phase3_R71_NoCue_1805281218.log,belief,380.33038184537446,774.0622259098445,0.6263718668312038,0.5247094967432184,100.0,,
1807,1807_phase3_R71_NoCue_1805281218.log,belief_ck,20.861827518383297,68.52657947495783,0.9746661231243818,0.8952680998364508,2.5212426297107022,0.06813294479308077,5.974327099424345
1807,1807_phase3_R71_NoCue_1805291150.log,belief,71.82652992617568,153.67433044054388,0.6194994084222432,0.5232814087147171,100.0,,
1807,1807_phase3_R71_NoCue_1805291150.log,belief_ck,6.053617494281149,32.14977616494732,0.9604460663768778,0.6671350074528738,10.819043609037005,0.00308915460616192,100.0
1807,1807_phase3_R71_NoCue_1806031550.log,belief,602.350473813478,1218.2356338774866,0.49999679292922355,0.999999,0.001,,
1807,1807_phase3_R71_NoCue_1806031550.log,belief_ck,246.98801663953728,521.0454057801361,0.7526003296851853,0.19224631732040287,2.5330027004937206,0.446711854277106,3.050908523289236
1807,1807_phase3_R71_NoCue_1806041126.log,belief,544.2866038523905,1101.9147403464729,0.5016545195030271,0.48422830672314526,13.963721244918,,
1807,1807_phase3_R71_NoCue_1806041126.log,belief_ck,217.20609224122114,461.09524976582577,0.7593496827675051,0.49263286573520326,99.99999999648475,0.5838863967934949,2.8161331874089606
1807,1807_phase3_R71_NoCue_1806051041.log,belief,486.9547298169815,987.527538246049,0.5842200163779402,0.0021998532520551644,2.287224382450842,,
1807,1807_phase3_R71_NoCue_1806051041.log,belief_ck,219.21492312038026,465.66600346493243,0.7850883056191474,0.12952248844747358,3.6920418665335553,0.5481255059835088,2.9574608206514044
1807,1807_phase3_R71_NoCue_1807261530.log,belief,46.441259487081005,101.29190421294395,0.4999970269523863,0.999999,0.001,,
1807,1807_phase3_R71_NoCue_1807261530.log,belief_ck,8.841314819074531,34.501400115712926,0.8763761171880075,0.515511943802577,100.0,0.16195568821214598,4.5642852188462255
1807,1807_phase3_R71_NoCue_1807261542.log,belief,20.343388320217503,48.34405943341319,0.6425905282240352,0.5292111183418574,100.0,,
1807,1807_phase3_R71_NoCue_1807261542.log,belief_ck,16.425810329859573,48.166186245675526,0.6997145356995182,0.5221524260696473,100.0,0.999999,1.2470829818075622
1807,1807_phase3_R71_NoCue_1807261551.log,belief,280.0480558375886,572.1038858093902,0.5008359477705001,0.4790150206609355,8.068148481484926,,
1807,1807_phase3_R71_NoCue_1807261551.log,belief_ck,154.491002216688,332.99755270180214,0.6828642021474407,0.19268527906829674,0.6279196604086975,0.5890776690805933,2.2304204842935427
1807,1807_phase3_R71_NoCue_1807271723.log,belief,7.7310859915121695,21.0073494275039,0.616810844835469,0.5240155286896219,100.0,,
1807,1807_phase3_R71_NoCue_1807271723.log,belief_ck,4.108692380726519,19.307739650412163,0.7735281057673973,0.9718978022957209,9.538445718766672,0.999999,3.7355617707955755
1807,1807_phase3_R71_NoCue_1807271728.log,belief,311.563938345255,635.359660941476,0.5026912505518139,0.5029306399424724,100.0,,
1807,1807_phase3_R71_NoCue_1807271728.log,belief_ck,95.74057644955981,215.94472140105177,0.8094924352436128,0.1864767635596203,1.504929765034623,0.6400212288944092,3.187483519308936
1807,1807_phase3_R71_NoCue_1807291949.log,belief,269.56545635518484,551.0580713976066,0.5000884356896586,0.49581624802447644,12.155901703401288,,
1807,1807_phase3_R71_NoCue_1807291949.log,belief_ck,89.49373149116177,202.84178035679733,0.7944851323438864,0.43066244011569926,14.393544330392388,0.6347672656088492,3.1526714558192066
1807,1807_phase3_R71_NoCue_1807301425.log,belief,343.064010582936,698.5810945044469,0.5076352425540369,0.5096870092523612,51.70576953612204,,
1807,1807_phase3_R71_NoCue_1807301425.log,belief_ck,331.01530309886516,686.9367528748802,0.5198679505491447,0.7487308608998363,1.7219533275991632,0.16400279641186957,1.1230687514784738
1807,1807_phase3_R71_NoCue_1807311256.log,belief,29.00866875136095,65.49267673928864,0.5012338154217172,0.5019759850485563,100.0,,
1807,1807_phase3_R71_NoCue_1807311256.log,belief_ck,5.830709646907957,26.61209776694939,0.8703790956070266,1e-06,10.314738879799453,0.10990327630487366,7.961516715703956
1807,1807_phase3_R71_NoCue_1807311301.log,belief,401.0743185153861,814.8712419859182,0.5002227603404429,0.999999,0.11599233615165637,,
1807,1807_phase3_R71_NoCue_1807311301.log,belief_ck,109.03246425156962,243.51013841343124,0.8283564826530309,0.4924963126258408,100.0,0.44494972094015156,3.5626582027118885
1807,1807_phase3_R71_NoCue_1808011112.log,belief,360.98306812416513,734.5231790966619,0.5080037018504548,0.5052000940259173,100.0,,
1807,1807_phase3_R71_NoCue_1808011112.log,belief_ck,132.84256451473786,290.7992147261391,0.7793963410174393,0.30336301086874257,2.9146050827983516,0.46611881243623454,3.208302968417925
1807,1807_phase3_R71_NoCue_1808021005.log,belief,249.68431028249438,511.4727989028376,0.5557190074400289,0.0006388426392458357,1.7814549751329143,,
1807,1807_phase3_R71_NoCue_1808021005.log,belief_ck,115.01282080794904,254.23399829159575,0.7629075649423847,0.13840086895320064,2.8856425842360274,0.7415942858307629,2.6525183970160184
1807,1807_phase3_R71_NoCue_1808030931.log,belief,484.8034101409513,982.7089809519895,0.5002855216708957,0.4969878522852109,30.625069494806915,,
1807,1807_phase3_R71_NoCue_1808030931.log,belief_ck,97.80914565253728,221.82261264524817,0.8695952974271769,0.4796290349742885,100.0,0.6284499157320359,4.219429499799465
1807,1807_phase3_R71_NoCue_1808060830.log,belief,552.5018081941074,1118.4893776597987,0.5212449724099687,0.010576611755702464,1.1472907973486728,,
1807,1807_phase3_R71_NoCue_1808060830.log,belief_ck,289.41850086399273,605.808524271153,0.7108488910309163,0.23133448181575372,3.2909628213649227,0.5754214175681832,2.437458228940738
1807,1807_phase3_R71_NoCue_1808071056.log,belief,406.79847241233324,826.6645225005332,0.5536199439332926,0.00039325711586892485,1.743182589088207,,
1807,1807_phase3_R71_NoCue_1808071056.log,belief_ck,174.6706061184826,375.47636758869857,0.7757835757404654,0.19699273673627868,3.7139457997216794,0.6380863233011742,2.8455575114489062
1807,1807_phase3_R71_NoCue_1808080850.log,belief,373.8818298460933,760.7841763732329,0.5732853056284418,0.03591744440164288,2.527741868976033,,
1807,1807_phase3_R71_NoCue_1808080850.log,belief_ck,184.18872546359444,394.4184842892815,0.7602633707494716,0.3703659344474579,19.24670316559039,0.73940603781376,2.9900743549962003
1807,1807_phase3_R71_NoCue_1808090911.log,belief,564.2279305216863,1141.8597817753778,0.4999962373938312,0.999999,0.001,,
1807,1807_phase3_R71_NoCue_1808090911.log,belief_ck,208.1586375304542,443.12511652491855,0.774356325916053,0.3040696847914906,6.412381595218524,0.7097784927414144,2.8474095501562986
1807,1807_phase3_R71_NoCue_1808100937.log,belief,674.2662990716856,1362.426550127642,0.522916763350585,0.020142699321601547,1.238557714012561,,
1807,1807_phase3_R71_NoCue_1808100937.log,belief_ck,314.5584445241667,656.904793016875,0.7389980159518962,0.30418813796824995,6.464684438287524,0.522323010178538,2.774363015162487
1807,1807_phase3_R71_NoCue_1808111912.log,belief,4.428067095044138,13.250583344760717,0.6113978078417628,0.5224409332621072,100.0,,
1807,1807_phase3_R71_NoCue_1808111912.log,belief_ck,2.1159424941319473,13.020783297608773,0.7904880641427838,0.5434431516769185,100.0,0.999999,4.045157331729248
1807,1807_phase3_R71_NoCue_1808111915.log,belief,21.87912625867638,50.98008834264121,0.5535917724345187,0.5146464959398591,100.0,,
1807,1807_phase3_R71_NoCue_1808111915.log,belief_ck,10.602531922771025,35.648735496118945,0.7508458433240748,0.48599023433543986,100.0,0.29363820258799633,3.8632810307382166
1807,1807_phase3_R71_NoCue_1808111922.log,belief,372.1048733534716,757.2598060226301,0.5794891620038889,0.00818422993799605,2.3163526375647385,,
1807,1807_phase3_R71_NoCue_1808111922.log,belief_ck,177.9788434418643,382.0578055151025,0.7703070740985367,0.2557322435154617,6.175307274984493,0.6404731775999161,2.7464633769625753
1807,1807_phase3_R71_NoCue_1809161414.log,belief,14.724013316318763,35.63011153935416,0.5120805548842717,0.4929314467425225,100.0,,
1807,1807_phase3_R71_NoCue_1809161414.log,belief_ck,7.954182672129187,28.27253515769164,0.6965931477370607,0.4616976521297761,100.0,0.5558171157303577,3.624197127007037
1807,1807_phase3_R71_NoCue_1809161423.log,belief,425.3377761514691,863.8088971625447,0.549786795570972,0.032765638025106764,1.9766907201830388,,
1807,1807_phase3_R71_NoCue_1809161423.log,belief_ck,198.1798541953848,422.6263981099826,0.7567411906752617,0.2169517114364247,4.123267883679891,0.6598782435004716,2.6030638062099913
1807,1807_phase3_R71_NoCue_1809171310.log,belief,504.78795888962816,1022.7592652432736,0.5003542651829587,0.4776339313539768,4.627483676100139,,
1807,1807_phase3_R71_NoCue_1809171310.log,belief_ck,129.08054665600238,284.5277882400394,0.8377251448409099,0.17037602202721955,4.822000281502905,0.6654886353398124,3.7941859580698267
1807,1807_phase3_R71_NoCue_1809181118.log,belief,211.87984629495784,436.03514669808817,0.632785448577088,0.004168931347183941,3.080478494417905,,
1807,1807_phase3_R71_NoCue_1809181118.log,belief_ck,79.92906306537225,184.40903434708943,0.8414463979614483,0.0610199332459025,4.399211594955338,0.5778875005887079,3.3804973491708914
1807,1807_phase3_R71_NoCue_1809181231.log,belief,528.0867067699918,1069.6402173236584,0.533298139030991,0.0006321891543815069,1.363690177286806,,
1807,1807_phase3_R71_NoCue_1809181231.log,belief_ck,219.92929861882757,466.7922048050046,0.7696490912995728,0.30111478697583244,6.261192729236534,0.6847159846269766,2.8066497369563743
1808,1808_phase3_R71_NoCue_1808171855.log,belief,155.69447279433916,322.2300155872229,0.5021212792010352,0.9999891077655692,0.3495210258788087,,
1808,1808_phase3_R71_NoCue_1808171855.log,belief_ck,81.68756192634963,185.0572638497884,0.69666585410074,0.00011365896664248505,1.0235256041148384,0.27054940556914103,2.5739976998391296
1808,1808_phase3_R71_NoCue_1808191845.log,belief,279.8239623263036,571.8440732169397,0.5332217538357691,0.5112697175727979,100.0,,
1808,1808_phase3_R71_NoCue_1808191845.log,belief_ck,56.318619758588945,137.02953664584285,0.8811224295871157,0.2126456423514039,3.4340263992116897,0.38039303179562195,4.4532768324697365
1808,1808_phase3_R71_NoCue_1808201825.log,belief,133.3425874035636,277.3115867652108,0.5184767794154451,0.508345573736828,100.0,,
1808,1808_phase3_R71_NoCue_1808201825.log,belief_ck,39.36383054087197,99.98048499791109,0.8237316288419015,0.1645469680749341,1.1917356008615596,0.44104146747874906,3.5492957713543287
1808,1808_phase3_R71_NoCue_1808212107.log,belief,300.402991130873,612.9749810878963,0.5044486271316657,0.0010708538607443073,0.48698448247671383,,
1808,1808_phase3_R71_NoCue_1808212107.log,belief_ck,155.38644897607878,335.1108956044583,0.7019062263072083,0.1867497188588655,1.5498873560646658,0.5144530333129487,2.4554239217131397
1808,1808_phase3_R71_NoCue_1808231112.log,belief,464.3899173322695,941.794390089309,0.5000139506743893,0.999999,0.027691797435170803,,
1808,1808_phase3_R71_NoCue_1808231112.log,belief_ck,141.2806545809704,308.5904200114809,0.8098820585641101,0.14894201558130693,3.3133243195354742,0.6292026048859156,3.2434411636956195
1808,1808_phase3_R71_NoCue_1808241140.log,belief,500.21127801307716,1013.5948993358637,0.5016028587773079,0.00035703066295141755,0.2900053219214721,,
1808,1808_phase3_R71_NoCue_1808241140.log,belief_ck,268.0686354960567,562.481957611532,0.6909071449266901,0.3450136070515429,5.305156470889852,0.459696015449066,2.537537027549231
1808,1808_phase3_R71_NoCue_1808291123.log,belief,298.91116833500564,610.6623265263056,0.6145739551716467,7.214261226092248e-05,2.659620295607447,,
1808,1808_phase3_R71_NoCue_1808291123.log,belief_ck,168.77408926114563,363.22815823487986,0.7596660373056808,0.09683292511910502,3.4047625723172943,0.4211981815869868,2.841299565254453
1808,1808_phase3_R71_NoCue_1808301133.log,belief,356.3494174468975,725.7104030140515,0.5870414685197672,0.001028905160473047,2.30848531036619,,
1808,1808_phase3_R71_NoCue_1808301133.log,belief_ck,177.52948593163538,381.0821081037837,0.7669256259224847,0.2542501475539233,7.729612364958287,0.4870091877206113,3.066305760837025
1808,1808_phase3_R71_NoCue_1811141256.log,belief,292.7920145406436,598.11843017837,0.5737379211528748,0.007525100748236535,2.2891717647344056,,
1808,1808_phase3_R71_NoCue_1811141256.log,belief_ck,175.54109399476803,376.15099018370154,0.7167020647896785,0.23450834933273687,5.444832094456475,0.5487565817376434,2.4964218097043385
1808,1808_phase3_R71_NoCue_1811151358.log,belief,243.96190293752215,500.04671971290037,0.5662748236767025,0.005542600037213463,2.0397452721981333,,
1808,1808_phase3_R71_NoCue_1811151358.log,belief_ck,179.9653732719491,384.17657421961025,0.6573756195604595,0.11236833268008195,2.102724277636977,0.4101792706849251,1.9533492703373692
1808,1808_phase3_R71_NoCue_1811161615.log,belief,177.42285423678277,366.52699178831233,0.597044212135382,0.003900763240447644,2.55122196006724,,
1808,1808_phase3_R71_NoCue_1811161615.log,belief_ck,77.79015321902503,178.94287306754364,0.7976110819314924,0.18638450976032686,6.630812919951857,0.645704970297243,3.322648237941545
1808,1808_phase3_R71_NoCue_1812201023.log,belief,318.5576663427016,649.9747716414815,0.598216417906111,0.015467541567538382,2.8228119877220474,,
1808,1808_phase3_R71_NoCue_1812201023.log,belief_ck,173.78477062869982,373.28841916955616,0.7555585385031595,0.27821524583030066,7.767878578425303,0.6608480845654551,2.6587398315810273
1808,1808_phase3_R71_NoCue_1812221133.log,belief,441.8647976465535,897.0275643931565,0.5641902692660308,0.01493869348086584,2.1202608437065944,,
1808,1808_phase3_R71_NoCue_1812221133.log,belief_ck,224.50686789940892,475.60967399891695,0.747656220400036,0.23989618072865582,6.325980343529358,0.5892681518828922,2.72340882814469
1808,1808_phase3_R71_NoCue_1812231157.log,belief,423.71295163974446,860.5422988851135,0.548256914990658,0.001198903423025185,1.6941515046175768,,
1808,1808_phase3_R71_NoCue_1812231157.log,belief_ck,277.6183870864152,581.4695653840795,0.6744990942229631,0.12963078743977383,1.8058793531860948,0.46313362926549667,2.1969507421361567
1808,1808_phase3_R71_NoCue_1812240838.log,belief,334.0988304168433,680.5535490617879,0.49999804005887283,0.999999,0.001,,
1808,1808_phase3_R71_NoCue_1812240838.log,belief_ck,146.11300588405084,316.9377882243041,0.7384964261514424,0.05108062340793936,0.6953080586295612,0.46212735887834433,2.7250166453150717
1810,1810_phase3_R71_NoCue_1808231124.log,belief,454.23155696693664,921.4415237965239,0.5014148306839976,0.5021611881694603,100.0,,
1810,1810_phase3_R71_NoCue_1808231124.log,belief_ck,230.50467316797884,486.96616606125895,0.7044689281467524,0.173977790383131,1.4405465210469777,0.44498263170749225,2.626062958805285
1810,1810_phase3_R71_NoCue_1808241140.log,belief,412.6152708223174,838.1967563475492,0.5321072564811206,0.0003532311775071414,1.3124698313301275,,
1810,1810_phase3_R71_NoCue_1808241140.log,belief_ck,256.5646003681126,539.061630142054,0.6755010195992704,0.019481602656231244,1.0260990374304215,0.4717645915889874,2.1965084329038222
1810,1810_phase3_R71_NoCue_1808271230.log,belief,492.2728996700673,997.6819551629586,0.5008770976775612,0.49702908033559434,55.356170373051896,,
1810,1810_phase3_R71_NoCue_1808271230.log,belief_ck,232.40982306072826,491.0919577671044,0.7215033260884544,0.21742025020475816,2.0924354410028885,0.3448096564079685,2.810217446706278
1810,1810_phase3_R71_NoCue_1808281220.log,belief,485.6549097773373,984.4515854793538,0.5065212764987425,0.11811076022070179,0.806499390050841,,
1810,1810_phase3_R71_NoCue_1808281220.log,belief_ck,238.4388506097788,503.1612330689159,0.7160910394448706,0.18593638894154035,1.9968270052776285,0.5456647375994932,2.499822892755484
1810,1810_phase3_R71_NoCue_1808291125.log,belief,300.68090804344143,614.0530888085401,0.5900722069035335,5.616076076806095e-05,2.3525084398862846,,
1810,1810_phase3_R71_NoCue_1808291125.log,belief_ck,182.50628236172102,390.3951101667564,0.7260136517406004,0.11117239820052789,3.038384859955419,0.38145109579993036,2.8544994893762223
1810,1810_phase3_R71_NoCue_1808301144.log,belief,480.23302533999805,973.7274174512809,0.5307029641108875,0.0003435573044634526,1.2787811506253102,,
1810,1810_phase3_R71_NoCue_1808301144.log,belief_ck,317.556452485713,661.6356385139956,0.6577437172879838,0.2187456663579602,2.7668310855114333,0.3821046571715365,2.2409961970038044
1810,1810_phase3_R71_NoCue_1808311144.log,belief,232.53915351638614,477.78007846620176,0.6664251204759076,0.0005755207061093799,3.345600779552968,,
1810,1810_phase3_R71_NoCue_1808311144.log,belief_ck,172.76407077278657,370.9316844124321,0.7397019257910834,0.10480731860750572,3.197267237372051,0.46008006547199765,2.341050465150536
1810,1810_phase3_R71_NoCue_1809011015.log,belief,236.11155425947982,484.64832071046266,0.6230244923439265,0.0054691632640600975,2.915580739914645,,
1810,1810_phase3_R71_NoCue_1809011015.log,belief_ck,178.3220087085582,381.4944418001225,0.6995215099485165,0.07956094056056814,2.619792444169318,0.5313532875177602,1.9189075072674495
1810,1810_phase3_R71_NoCue_1809041005.log,belief,410.17495445423606,833.5953815563718,0.57958356879222,0.0005018434952438215,2.173342245524949,,
1810,1810_phase3_R71_NoCue_1809041005.log,belief_ck,232.631074833983,491.75309496376536,0.7339239738774381,0.1596911603422321,3.43667096530847,0.5230784618470485,2.5289660002000804
18102,18102_phase3_R71NoCue_1812261658.log,belief,471.9640164389998,957.0669957188283,0.5158490386682558,0.5073177392571132,100.0,,
18102,18102_phase3_R71NoCue_1812261658.log,belief_ck,223.92130584136237,474.1205373643819,0.7304787576494773,0.2370433215487814,0.9364820957712304,0.3715293897915505,2.8655294646778815
18102,18102_phase3_R71NoCue_1901021604.log,belief,570.4209905549217,1154.3111644297892,0.5074966600386833,0.007961456961200805,0.6593822251133237,,
18102,18102_phase3_R71NoCue_1901021604.log,belief_ck,347.84313169754654,722.6246300349849,0.6612610550588901,0.09516910528620381,1.341522432374029,0.340253208429317,2.3940364824244735
18102,18102_phase3_R71NoCue_1901031753.log,belief,283.7026533267448,579.8265068075389,0.5657041487505335,6.690601421888612e-05,1.9043303233446538,,
18102,18102_phase3_R71NoCue_1901031753.log,belief_ck,168.91714751124326,362.6766953305851,0.712346335723318,0.035814098932339875,1.7370018331310688,0.3278120031330557,2.604062166837878
18102,18102_phase3_R71NoCue_1901051738.log,belief,729.9301008640125,1474.0652004395743,0.5483916732560891,0.0002599709159997963,1.6308690899330944,,
18102,18102_phase3_R71NoCue_1901051738.log,belief_ck,319.39303674983074,667.1960709227601,0.7688380518980625,0.057209073452288886,2.50175626140803,0.38180899487274483,3.028839031122452
18102,18102_phase3_R71NoCue_1901061617.log,belief,420.59538346139396,854.9099967300963,0.643175094727654,0.00013948313412875948,3.0408278829599227,,
18102,18102_phase3_R71NoCue_1901061617.log,belief_ck,221.2073816310052,469.8532228766272,0.7928534533470332,0.05436810352432541,3.4646401440692847,0.3992042934216082,3.0660156373573373
18102,18102_phase3_R71NoCue_1901071402.log,belief,631.4587734259471,1276.7785363837975,0.5394194808755333,0.00016601161412047207,1.4547708834530524,,
18102,18102_phase3_R71NoCue_1901071402.log,belief_ck,257.00983596842343,541.7416510006534,0.7778422715062543,0.13662829326020642,3.9855117765398167,0.35930468823416717,3.3740684418296043
18102,18102_phase3_R71NoCue_1901081300.log,belief,591.9127559043492,1197.6289862220115,0.551294753557899,0.00047323674765377215,1.722990802182949,,
18102,18102_phase3_R71NoCue_1901081300.log,belief_ck,211.8896468127766,451.3862424521795,0.8080198460938295,0.2119086924825187,5.756952339177632,0.4942363077338448,3.520016546739066
18102,18102_phase3_R71NoCue_1901111530.log,belief,497.3475279474761,1007.8479950330487,0.5002313541311847,0.5127335298000942,6.471520654031714,,
18102,18102_phase3_R71NoCue_1901111530.log,belief_ck,152.9973993594825,332.3006769951579,0.8080847802256328,0.06475083624388776,2.158680507095105,0.4997881806525135,3.429119410597367
18102,18102_phase3_R71NoCue_1901231311.log,belief,486.04321449904813,986.077961310706,0.6407637089710735,0.0009673988257293155,2.991932463146321,,
18102,18102_phase3_R71NoCue_1901231311.log,belief_ck,255.3830418606146,538.7491483464486,0.7914668726269561,0.11590317033522853,3.645409916950472,0.6017689183550611,2.684639093754589
18102,18102_phase3_R71NoCue_1902281026.log,belief,471.2794936957158,955.7911177616973,0.5321146830476281,2.960178381148508e-06,1.3020997919149822,,
18102,18102_phase3_R71NoCue_1902281026.log,belief_ck,243.8592981940948,514.1828571287209,0.7214793392013764,0.09538634803589713,1.6630534742296663,0.4798430549328365,2.5440584921553913
18102,18102_phase3_R71NoCue_1903011108.log,belief,501.0358693714088,1015.5000798026366,0.5444096733533826,0.0029517604592305203,1.5807140746670594,,
18102,18102_phase3_R71NoCue_1903011108.log,belief_ck,220.27406458414146,467.4048112879208,0.7654258802018331,0.17639559900164703,4.676032026847064,0.4022533582400168,3.1525695115309396
18102,18102_phase3_R71NoCue_1903040948.log,belief,184.62449075883464,381.22188552823815,0.6288386144227026,0.00014156444091618478,2.9131381445602758,,
18102,18102_phase3_R71NoCue_1903040948.log,belief_ck,123.38800359350965,270.72181520815707,0.7334322070979694,0.022841392590310337,2.1920355407189276,0.4388735564513694,2.517675753784182
18102,18102_phase3_R71NoCue_1903051027.log,belief,106.05100006025089,222.96069137841064,0.6280497064949292,0.00442283249092055,3.0788582626878944,,
18102,18102_phase3_R71NoCue_1903051027.log,belief_ck,70.21234276061948,162.14206803705673,0.7349528938985431,0.2534304645124073,5.654990333499219,0.8179026430410357,2.058184950237554
18102,18102_phase3_R71NoCue_1903061027.log,belief,331.81518876610977,676.4175590401208,0.5741440835053057,0.0003886563860182741,2.073227550551846,,
18102,18102_phase3_R71NoCue_1903061027.log,belief_ck,231.67659474180834,488.9275524994192,0.6788065781943473,0.06581469860796789,1.742447867079719,0.4111215305965795,2.2277867804048914
18102,18102_phase3_R71NoCue_1903071022.log,belief,381.56868353849546,776.1727096228154,0.5691467540444866,0.05739752967052217,2.716986272225269,,
18102,18102_phase3_R71NoCue_1903071022.log,belief_ck,261.9789752413511,550.0286355743514,0.6791111818341601,0.21488395728647736,4.209605051536075,0.8532644446805278,1.726692277732819
18102,18102_phase3_R71NoCue_1903081118.log,belief,378.24137960956716,769.7625108867874,0.6099165246833844,0.02680902335744168,3.0311668376088803,,
18102,18102_phase3_R71NoCue_1903081118.log,belief_ck,235.81283640463477,498.1851761445757,0.7347300885092123,0.17665372221409165,4.365582821415966,0.6804836589402489,2.168732020490113
18102,18102_phase3_R71NoCue_1903110802.log,belief,256.8270873726593,525.877109424324,0.565830117794926,0.007565471286987192,2.08020820415246,,
18102,18102_phase3_R71NoCue_1903110802.log,belief_ck,155.47485053097796,335.39557041996665,0.7084090533236983,0.11552407544240278,2.3614483214580893,0.6343966308043634,2.1430324260038915
18102,18102_phase3_R71NoCue_1903150811.log,belief,75.79558024709958,160.992121225784,0.5020524264825982,0.44902883581444814,4.781064385497238,,
18102,18102_phase3_R71NoCue_1903150811.log,belief_ck,31.60956628180949,82.02105402678865,0.7502418232128553,0.03706101375585781,2.827060355854956,0.4140735929550209,3.174432731957241
18102,18102_phase3_R71NoCue_1903221050.log,belief,128.41504257819363,267.6622859607961,0.5651107651312873,0.0010040290539635244,1.9888697227237822,,
18102,18102_phase3_R71NoCue_1903221050.log,belief_ck,106.06214249858776,233.7886866059932,0.624135803801886,0.2562474685086795,3.5946096802078498,0.6258944489071425,1.5420344401945438
18102,18102_phase3_R71NoCue_1903251447.log,belief,446.2993111320608,905.5371228977131,0.5006054983706201,0.999999,0.1958892584558347,,
18102,18102_phase3_R71NoCue_1903251447.log,belief_ck,133.54329185215167,292.9635849714864,0.8129839890150552,0.6969956872870687,1.0190603287355504,0.5154560186480651,3.2073258213377707
18102,18102_phase8_R71NoCueWithPupil_1901121735.log,belief,458.001296941612,929.0614315597485,0.5124177687659923,0.0002943656216433139,0.7954728855519343,,
18102,18102_phase8_R71NoCueWithPupil_1901121735.log,belief_ck,168.9959597540518,364.1095948611525,0.7813677023293473,0.1761814294766386,2.803160324792608,0.463109933245567,3.0977852740415095
18102,18102_phase8_R71NoCueWithPupil_1901141057.log,belief,399.1851337112208,811.4580911135711,0.5630611180804496,4.041277026801411e-05,1.9117487301902079,,
18102,18102_phase8_R71NoCueWithPupil_1901141057.log,belief_ck,168.29184868369393,362.759344749647,0.7849411400267128,0.11040240473609408,3.422085559093144,0.4645473812685603,3.2125321292881934
18102,18102_phase8_R71NoCueWithPupil_1903120946.log,belief,26.258008402361796,60.73776453307021,0.6502104793417572,0.043360399800730295,4.005516214252836,,
18102,18102_phase8_R71NoCueWithPupil_1903120946.log,belief_ck,14.170199412580867,44.783894281854984,0.792709582305179,0.12249588788535776,4.382787053065039,0.9332081798088948,2.305446876928423
18102,18102_phase8_R71NoCueWithPupil_1903120953.log,belief,32.87317845591014,74.74597625248082,0.6940178916035962,0.051457266962602256,5.115657277297342,,
18102,18102_phase8_R71NoCueWithPupil_1903120953.log,belief_ck,17.750480396407923,53.500199474136906,0.821003784465381,0.15937260133787404,6.755750715988076,0.7307725498563304,2.5663803110701244
18102,18102_phase8_R71NoCueWithPupil_1903121002.log,belief,137.75845523688935,286.5518162667081,0.5750796027621704,0.00922897334636317,2.2453574177054483,,
18102,18102_phase8_R71NoCueWithPupil_1903121002.log,belief_ck,86.38259089116653,194.83499336819187,0.7068632634306934,0.07959270574323467,1.9717734742306112,0.7116447699538065,2.0375990391192524
18102,18102_phase8_R71NoCueWithPupil_1903130806.log,belief,210.51591870346465,432.7072983012612,0.5413176418273481,0.04651862449703071,1.9251413583784938,,
18102,18102_phase8_R71NoCueWithPupil_1903130806.log,belief_ck,65.72940629195405,154.80973437257185,0.8256115272074556,0.31269943506824105,11.488336355187279,0.8020175658801293,3.4831365908862226
18102,18102_phase8_R71NoCueWithPupil_1903140941.log,belief,159.51440846747087,330.77867839664583,0.6388572911449197,0.03581792585973845,3.7795544957194567,,
18102,18102_phase8_R71NoCueWithPupil_1903140941.log,belief_ck,95.20165957747776,213.90304207836363,0.765351256225745,0.14490735878083139,4.284851376523279,0.7125391077103672,2.2537830922184905
18102,18102_phase8_R71NoCueWithPupil_1903150822.log,belief,157.81991617287295,327.4341400810194,0.6481901409514009,0.024959704140802234,3.745750080738909,,
18102,18102_phase8_R71NoCueWithPupil_1903150822.log,belief_ck,88.29897974601882,200.1865749625846,0.7846012793068937,0.17884569051279275,6.054993297307302,0.6880086472618197,2.595796399825387
18103,18103_phase3_R71NoCue_1812030953.log,belief,149.67766149994628,310.8024932037973,0.6131518334032527,0.5234714640144099,100.0,,
18103,18103_phase3_R71NoCue_1812030953.log,belief_ck,22.224861356077856,67.34406311996523,0.9299445987279563,0.8322327830611166,1.4681484444398643,0.5662546429059823,4.41940705023469
18103,18103_phase3_R71NoCue_1812031041.log,belief,38.99232789926583,86.79809429306017,0.6215641260347131,1.475382960303173e-06,2.848017457033642,,
18103,18103_phase3_R71NoCue_1812031041.log,belief_ck,31.81120201681308,81.24928102268318,0.6784520396817532,0.07244389327059161,2.235404241672844,0.23700906850941378,2.831728866049231
18103,18103_phase3_R71NoCue_1812041506.log,belief,361.00255559078636,734.5470880452893,0.5053901919531456,0.5042264531424646,100.0,,
18103,18103_phase3_R71NoCue_1812041506.log,belief_ck,147.3191915886763,319.7223369047858,0.7569287250433884,0.49354768291169415,100.0,0.34807991955263645,3.1473347417664823
18103,18103_phase3_R71NoCue_1812051413.log,belief,388.16388490031534,788.983643368089,0.49999869304925637,0.999999,0.001,,
18103,18103_phase3_R71NoCue_1812051413.log,belief_ck,217.9540457794732,461.2198386938632,0.6775962613297241,0.35396091604960794,3.854336288191959,0.36640535793080303,2.5267714197134845
18103,18103_phase3_R71NoCue_1812061341.log,belief,420.5047763567457,853.9230920246357,0.5167825529257222,0.0030302440013304835,0.9769627769908449,,
18103,18103_phase3_R71NoCue_1812061341.log,belief_ck,310.32344566220917,646.473969946707,0.614366290158219,0.10066750696478102,1.2939545753776431,0.4393387653867346,1.8464341038724716
18103,18103_phase3_R71NoCue_1812071355.log,belief,383.38448582863225,779.6730695661389,0.5462342363676667,1e-06,1.5738251408941715,,
18103,18103_phase3_R71NoCue_1812071355.log,belief_ck,227.77222111202474,481.3526380417984,0.6981912766746207,0.11195912789174656,2.063016527116818,0.3928733471932728,2.4379711536431037
18103,18103_phase3_R71NoCue_1812211650.log,belief,199.9020384274175,411.28366267919347,0.5258328840057798,0.5098199658429089,100.0,,
18103,18103_phase3_R71NoCue_1812211650.log,belief_ck,103.7853537498846,230.52987914848615,0.7162579125485568,0.4982292154193091,100.0,0.3650576825132704,2.7566980071188723
18103,18103_phase3_R71NoCue_1812241317.log,belief,183.7770362775659,379.17635454108523,0.5768167536725816,0.5177062342800652,100.0,,
18103,18103_phase3_R71NoCue_1812241317.log,belief_ck,19.341292907701995,61.927149787310796,0.9437367081496643,0.8335459792996459,3.4742431655487476,0.26060405981448054,5.071538739431128
18103,18103_phase3_R71NoCue_1812241357.log,belief,265.0929282501463,542.3411409869907,0.5444325043063432,9.538113362282495e-05,1.5539761409364445,,
18103,18103_phase3_R71NoCue_1812241357.log,belief_ck,130.12902969862924,284.5686283706546,0.741959160348995,0.08947688896634856,3.074885643258148,0.30226219931442144,3.091396094209711
18103,18103_phase3_R71NoCue_1812251451.log,belief,417.87469262650757,848.5893751093095,0.5063244167638705,0.5045873980913813,100.0,,
18103,18103_phase3_R71NoCue_1812251451.log,belief_ck,141.41740411295993,308.51478793850845,0.794278196981155,0.20972902598391607,2.7638125227844053,0.3870124721252909,3.5309998439330683
18103,18103_phase3_R71NoCue_1812261811.log,belief,214.9581736943311,441.42149266631344,0.5053990818968135,0.5042025345933877,100.0,,
18103,18103_phase3_R71NoCue_1812261811.log,belief_ck,55.24362478709968,133.49754012950189,0.8391409519996956,0.0893392540057324,3.3884377026524564,0.45543737357183206,4.198257697155602
18103,18103_phase3_R71NoCue_1812281158.log,belief,388.5362729804624,790.0357002194777,0.5515614906340078,0.006587496245014306,1.7962522107595191,,
18103,18103_phase3_R71NoCue_1812281158.log,belief_ck,222.72298961211087,471.37228774132745,0.7110044760494868,0.3716870143165109,10.856736256353969,0.5377730758937351,2.51047767271985
18103,18103_phase3_R71NoCue_1812311216.log,belief,274.69798822384973,561.5095444741568,0.5255442874077862,0.5095678927685653,100.0,,
18103,18103_phase3_R71NoCue_1812311216.log,belief_ck,80.4648855924198,185.1569072377541,0.8282482464183298,0.3235042412315247,3.428534375610564,0.24929896573397217,3.8494249168729495
18103,18103_phase3_R71NoCue_1812311307.log,belief,101.97282744991844,213.94007944736512,0.5020750889584437,0.5025607175253453,100.0,,
18103,18103_phase3_R71NoCue_1812311307.log,belief_ck,8.499853519020393,36.98855613309725,0.9441866190565816,0.07142314312028603,100.0,0.999999,50.501267071615324
18103,18103_phase3_R71NoCue_1901011330.log,belief,516.3880424940281,1046.0028534248154,0.5000044342633747,0.999999,0.01572177649259555,,
18103,18103_phase3_R71NoCue_1901011330.log,belief_ck,124.85765538570558,276.16884764492943,0.8456969756900263,0.09834161457369577,4.688584689733773,0.42765695950708166,4.502178511464891
18103,18103_phase3_R71NoCue_1901021600.log,belief,193.5639242016474,398.5287355500762,0.5234200491864935,0.509023242894384,100.0,,
18103,18103_phase3_R71NoCue_1901021600.log,belief_ck,11.978505063331122,46.75878442022499,0.9607299778839404,0.9545984933361215,2.930782606880634,0.999999,5.326576443248609
18103,18103_phase3_R71NoCue_1901021634.log,belief,129.76874728614348,270.093723890748,0.5157745924196236,0.50742592775978,100.0,,
18103,18103_phase3_R71NoCue_1901021634.log,belief_ck,24.70976549340857,70.53198962373921,0.8815529312874536,0.2871899356131787,49.78957428107402,0.5493706202542967,11.68542147554003
18103,18103_phase3_R71NoCue_1901021656.log,belief,267.5092851323617,546.930245003653,0.500058975710733,0.9984625311755279,0.06003041442501643,,
18103,18103_phase3_R71NoCue_1901021656.log,belief_ck,47.77401876276209,119.3713870033835,0.8835857913400362,0.2869336720144547,10.97462820492541,0.5039116580507649,4.796672490954337
18103,18103_phase3_R71NoCue_1901031753.log,belief,270.59082235999557,553.6699785213186,0.5913075116932944,0.005686010511877982,2.40039073626171,,
18103,18103_phase3_R71NoCue_1901031753.log,belief_ck,180.74982492962178,386.47631746189853,0.7040044978564072,0.1650416221039204,3.4911319844262034,0.4695675441828737,2.2586849673943403
18103,18103_phase3_R71NoCue_1901041646.log,belief,467.38887725426713,948.3262022812495,0.5861622111570212,0.002326976311253366,2.3133809918859196,,
18103,18103_phase3_R71NoCue_1901041646.log,belief_ck,286.76932681766067,600.6355491807518,0.7205529515170959,0.07730515864246239,2.0196730030375503,0.5396661595584333,2.263344466302575
18103,18103_phase3_R71NoCue_1901051701.log,belief,477.1830995391901,967.9864839786104,0.5908982360278094,0.005963379614783488,2.502953457346833,,
18103,18103_phase3_R71NoCue_1901051701.log,belief_ck,332.94138975175645,693.1233493039734,0.6927543525230172,0.13043607457735018,3.1521457417756236,0.49252985909607017,2.1206105820692285
18103,18103_phase3_R71NoCue_1901061557.log,belief,107.42835080621774,224.94355184627398,0.5000305240948237,0.5008878502604087,35.85023582485399,,
18103,18103_phase3_R71NoCue_1901061557.log,belief_ck,34.57329481008281,89.32029008784261,0.8000720323710792,0.11603201941504687,0.43847854855333634,0.34057085509325846,3.34250965212988
18103,18103_phase3_R71NoCue_1901061618.log,belief,277.5043850328754,567.8192269818124,0.6321143713141619,0.013596548115390137,3.204047933202368,,
18103,18103_phase3_R71NoCue_1901061618.log,belief_ck,187.8153776494193,401.251669130962,0.7331253070559482,0.10961273891938056,3.5427899959613507,0.7290488905794801,2.0195316010895077
18103,18103_phase3_R71NoCue_1901071345.log,belief,391.263852052071,796.0920882161556,0.6417157633249073,0.008572440492291744,3.2794688245317887,,
18103,18103_phase3_R71NoCue_1901071345.log,belief_ck,252.89355777203028,532.9158837680877,0.750716353906609,0.1370333325576667,4.082382426821042,0.5423229625159102,2.2890675861430787
18103,18103_phase3_R71NoCue_1901081244.log,belief,160.54524433418825,332.8063549773434,0.6321044066412214,0.0028011896429810186,2.9618882478662845,,
18103,18103_phase3_R71NoCue_1901081244.log,belief_ck,108.56996550864284,240.57166363521952,0.7333003537653575,0.2188460340631236,5.5109225460946165,0.5322120531771359,2.507667046047732
18103,18103_phase3_R71NoCue_1901081325.log,belief,258.5223982957079,529.4539121165532,0.5931740168749935,0.02704440836333337,2.819566392116781,,
18103,18103_phase3_R71NoCue_1901081325.log,belief_ck,153.94905921162325,332.7163494735213,0.7327078673269356,0.1489294747503764,3.341020292340888,0.8622764373442514,2.0414253002823113
18103,18103_phase3_R71NoCue_1901111535.log,belief,94.55044393826572,198.95539524684585,0.5040155569211054,0.5036070662291928,100.0,,
18103,18103_phase3_R71NoCue_1901111535.log,belief_ck,33.45871762911799,86.6264499988648,0.7846994697590782,0.20904132757487168,2.324473808085179,0.605396786207817,3.1443269439231227
18103,18103_phase3_R71NoCue_1901111550.log,belief,531.7444719085711,1077.4228780943702,0.6058196626595849,0.024755322892954682,2.988812750830071,,
18103,18103_phase3_R71NoCue_1901111550.log,belief_ck,429.572834236053,887.013537026562,0.6670598994450544,0.07720732981295014,2.4441889746982617,0.5431311923128082,1.5920376553313798
18103,18103_phase3_R71NoCue_1901211329.log,belief,618.6289598892699,1251.2457857289862,0.5669129556080191,0.0009442483519220087,1.9955490521638093,,
18103,18103_phase3_R71NoCue_1901211329.log,belief_ck,253.69351104243296,535.3627539857587,0.7923545363652363,0.15156045142270078,4.239759853623245,0.5777534876182397,3.099354728463707
18103,18103_phase3_R71NoCue_1901231315.log,belief,824.1282316539329,1662.4181991012472,0.5000099942259733,0.999999,0.023513287198517273,,
18103,18103_phase3_R71NoCue_1901231315.log,belief_ck,382.5681130110859,793.459697608935,0.7248748986460898,0.23681613815235852,2.42278604227717,0.48367372162367706,2.6756184807155097
18103,18103_phase3_R71NoCue_1901291322.log,belief,58.03437169582642,126.1426485964801,0.6860213224481121,0.007908785627441664,4.0929370666414995,,
18103,18103_phase3_R71NoCue_1901291322.log,belief_ck,19.876948505545023,59.901707420744565,0.8789114778231282,0.3734731514719071,100.0,0.999999,10.13517517905941
18103,18103_phase3_R71NoCue_1902261014.log,belief,150.56060937786086,312.2425820177528,0.5604141209585404,0.030067229736388035,2.1564709537958695,,
18103,18103_phase3_R71NoCue_1902261014.log,belief_ck,54.28634296496011,130.81541245398233,0.8115627031639533,0.4230638346049531,26.299334321036692,0.5894432972338738,3.245433050326619
18103,18103_phase3_R71NoCue_1902281025.log,belief,153.07155719781665,316.96640649934335,0.5049200565691166,0.11055507767051782,0.7972854733144785,,
18103,18103_phase3_R71NoCue_1902281025.log,belief_ck,44.296255310859905,110.23909482913997,0.8205740359648896,0.14507805219000713,3.370166148976981,0.39453777052129524,3.6423195866105624
18103,18103_phase3_R71NoCue_1903011144.log,belief,435.0587342276609,883.5016359403351,0.5828793245713247,0.015984186717475098,2.4705295958075575,,
18103,18103_phase3_R71NoCue_1903011144.log,belief_ck,245.98685195691897,518.7420388838644,0.7369799401553636,0.15743377386488885,3.640734782647558,0.8207608455494245,2.1878545303280386
18103,18103_phase3_R71NoCue_1903021025.log,belief,166.56615458558352,344.93210387833204,0.6335948105079845,0.00142815552706059,3.0155160594061297,,
18103,18103_phase3_R71NoCue_1903021025.log,belief_ck,103.56686684442434,230.73332310317863,0.7529587446461687,0.07472199482050759,3.0598765861323067,0.6334012048085421,2.3434945146275683
18103,18103_phase3_R71NoCue_1903040937.log,belief,232.12153752889301,476.5781080395627,0.6146956810055262,0.008491807527114027,2.840682212038655,,
18103,18103_phase3_R71NoCue_1903040937.log,belief_ck,114.32069315668855,253.31145227693045,0.7868906202487552,0.2164303542945194,5.626244314216534,0.618266194593457,2.8609597900108046
18103,18103_phase3_R71NoCue_1903061036.log,belief,36.23933116084533,81.38735691419768,0.6561357525149667,3.0441268687306276e-05,3.561806020102196,,
18103,18103_phase3_R71NoCue_1903061036.log,belief_ck,29.066701661221934,75.95079250745789,0.7132060550620998,0.018171445261239406,3.0609463994855006,0.2849265982104004,2.8454640206718134
18103,18103_phase3_R71NoCue_1903071015.log,belief,16.405265544429103,40.59417168507946,0.7154802112209472,0.030862164315422675,4.9743618156819975,,
18103,18103_phase3_R71NoCue_1903071015.log,belief_ck,13.918879726269228,43.405040644980964,0.7527224059677675,0.07141001569097907,4.626776165146186,0.7384324638421127,1.4868042991951895
18103,18103_phase3_R71NoCue_1903120923.log,belief,65.01596806926474,139.59018312475254,0.57905797733773,0.03729315396143123,2.762717099880602,,
18103,18103_phase3_R71NoCue_1903120923.log,belief_ck,15.182634094173455,49.481762160793025,0.8802184528381714,0.16498304344055842,5.510647530050137,0.999999,3.637586584797303
18103,18103_phase3_R71NoCue_1903210953.log,belief,94.6766270864151,200.22069817993867,0.6613744874205102,0.0016269120203114972,3.2837782914582734,,
18103,18103_phase3_R71NoCue_1903210953.log,belief_ck,37.71943208290028,97.17375218001753,0.848136510130983,0.19021869684969867,7.425548648289779,0.5398846723250826,3.475906113178031
18103,18103_phase3_R71NoCue_1904011217.log,belief,27.08758041951161,63.282914622224304,0.7519146750729628,7.774928269991952e-06,4.449195622307216,,
18103,18103_phase3_R71NoCue_1904011217.log,belief_ck,12.431931845592551,43.07937125758727,0.8773384523471036,0.03861767639991211,12.262032466364067,0.24473282265623275,7.576533201475811
18103,18103_phase3_R71NoCue_1904121201.log,belief,56.18543870372204,122.59485298415717,0.7128626611603156,1e-06,3.7932719052300157,,
18103,18103_phase3_R71NoCue_1904121201.log,belief_ck,34.98576292024097,90.41947699390812,0.8099703734653617,0.01939205454291056,2.2858365615155467,0.320263836498777,3.1748345556450976
18103,18103_phase3_R71NoCue_1904161120.log,belief,151.49367473504503,314.9552220314645,0.6827707290181031,0.0007328963202931989,3.6460873286394855,,
18103,18103_phase3_R71NoCue_1904161120.log,belief_ck,64.06920640829323,152.0741579393352,0.8509657555572621,0.014480140940334832,3.0222884682085307,0.766433202561409,2.896065892558065
18103,18103_phase3_R71NoCue_1904171112.log,belief,107.16872469316353,224.99320172390622,0.5943799440590147,0.003030066841004464,2.565092865215733,,
18103,18103_phase3_R71NoCue_1904171112.log,belief_ck,43.44302963912614,108.1975639534106,0.8098643670736903,0.09628618993898254,5.052909465342509,0.47444191830000343,3.7023823552210655
18103,18103_phase3_R71NoCue_1904191944.log,belief,64.76390279880842,139.3967534638782,0.6275528689209612,0.0006922432876633077,2.8866769725688757,,
18103,18103_phase3_R71NoCue_1904191944.log,belief_ck,48.71803494569164,117.17396562390604,0.704343257455156,0.11916493617070463,3.105228728021532,0.6230703532316757,2.103570608620342
18103,18103_phase8_R71NoCueWithPupil_1901291340.log,belief,223.81871816012082,460.4871743680524,0.6957581324531741,0.02022799806823895,4.28568316094507,,
18103,18103_phase8_R71NoCueWithPupil_1901291340.log,belief_ck,118.03256645293158,261.7646090014847,0.8258841611770888,0.1355314252347305,6.542954924376575,0.999999,2.563045638375261
18103,18103_phase8_R71NoCueWithPupil_1901301408.log,belief,280.47607015984033,574.5702189317666,0.7337578302257869,0.03406571338704374,5.460418056547217,,
18103,18103_phase8_R71NoCueWithPupil_1901301408.log,belief_ck,201.23496128102911,429.70607978623013,0.8008243504424234,0.15395740684416667,7.601225836110436,0.6627424462698988,2.3545191963606205
18103,18103_phase8_R71NoCueWithPupil_1903071021.log,belief,267.54742493499066,547.0777789641973,0.5122878717994197,0.506519901535064,100.0,,
18103,18103_phase8_R71NoCueWithPupil_1903071021.log,belief_ck,95.18217541943781,214.33020902730755,0.788237815332275,0.48985625192974097,100.0,0.6191551939396196,3.2783487111010574
18103,18103_phase8_R71NoCueWithPupil_1903071114.log,belief,329.20181974010654,670.8408397195965,0.5190367871962402,0.06375477182095235,1.388829394901875,,
18103,18103_phase8_R71NoCueWithPupil_1903071114.log,belief_ck,138.11347240042664,301.1013452796202,0.7594760897226666,0.3648461761520994,11.915073242564846,0.5438973101212179,3.0003271279434403
18103,18103_phase8_R71NoCueWithPupil_1903081207.log,belief,287.4126635767227,587.3710811665378,0.5814164226731894,0.0368439979884012,2.6435849167792678,,
18103,18103_phase8_R71NoCueWithPupil_1903081207.log,belief_ck,161.71393108175093,348.5193701896865,0.737034464481065,0.21166718157963504,4.96192309369086,0.6941628563759596,2.2856068654191968
18104,18104_phase3_R71NoCue_1812031301.log,belief,278.7506609529921,569.4991950298776,0.5007296296245187,0.999999,0.18987064881397298,,
18104,18104_phase3_R71NoCue_1812031301.log,belief_ck,181.07226374328533,386.1402737343574,0.6380677384545186,0.498476103537077,96.14518876249167,0.10742859262276197,2.5304271747943194
18104,18104_phase3_R71NoCue_1812041504.log,belief,245.1738570266899,502.1143588303563,0.5051319812243863,0.5040627651272632,100.0,,
18104,18104_phase3_R71NoCue_1812041504.log,belief_ck,186.54787003858044,396.629029631114,0.5947394015488489,0.840143652071952,0.6474514548274678,0.285103693286139,1.937575881950832
18104,18104_phase3_R71NoCue_1812051109.log,belief,286.72215945938757,585.4960508664258,0.5002908735751567,0.999999,0.12629105216003722,,
18104,18104_phase3_R71NoCue_1812051109.log,belief_ck,202.16284855992785,428.429161015157,0.6136588897757612,0.49752615839583975,97.72580666416968,0.1616735870585174,2.3446467571225464
18104,18104_phase3_R71NoCue_1812071159.log,belief,371.0613172284463,754.7315320617365,0.5074500127876588,0.5049193218602777,100.0,,
18104,18104_phase3_R71NoCue_1812071159.log,belief_ck,216.10788436364658,457.4335639369811,0.6736272253415104,0.4992543503627921,14.488380797884181,0.401008227232826,2.3775913558061204
18104,18104_phase3_R71NoCue_1812211901.log,belief,393.7358157538908,800.1734029412111,0.5030085955232998,0.014462250590259367,0.4382265095102792,,
18104,18104_phase3_R71NoCue_1812211901.log,belief_ck,288.0352144336897,601.4739717342384,0.6049077830369872,0.2947079717101942,3.2779552851430345,0.1912651990221358,2.3015920614991634
18104,18104_phase3_R71NoCue_1812241324.log,belief,399.38301854134176,811.4817216156997,0.5004880236636617,0.9999854944228227,0.17522256730289495,,
18104,18104_phase3_R71NoCue_1812241324.log,belief_ck,233.06832626007113,491.56802158617467,0.6676900291543545,0.2788576169056227,2.140260592286,0.2821485882898387,2.5424803905795272
18104,18104_phase3_R71NoCue_1812261513.log,belief,136.03197285407,282.630353165616,0.5013165060814617,0.999999,0.2613500593329305,,
18104,18104_phase3_R71NoCue_1812261513.log,belief_ck,80.89694715073533,182.9267092164226,0.6632227304955832,0.5183679007377314,2.80813992820492,0.6345821580261736,2.0697667855709114
18104,18104_phase3_R71NoCue_1812281534.log,belief,466.36091861047817,945.7453278802458,0.5000944620470401,0.999999,0.07602990595059349,,
18104,18104_phase3_R71NoCue_1812281534.log,belief_ck,265.2804028531512,556.6077870248813,0.6742354256000521,0.2681393844688254,2.0186612738583705,0.3422104189332894,2.529392354170796
18104,18104_phase3_R71NoCue_1812311221.log,belief,376.33643073587956,765.4364935065713,0.5289935338105337,0.00032367621969156974,1.2566200874543763,,
18104,18104_phase3_R71NoCue_1812311221.log,belief_ck,270.0940894745775,565.7154430187794,0.6331727446499001,0.0992576503238098,1.2830719480160526,0.3747890326714037,2.0780308195901487
18104,18104_phase3_R71NoCue_1901011634.log,belief,326.01131227685835,664.479646560899,0.5257022244307474,0.509486293129133,100.0,,
18104,18104_phase3_R71NoCue_1901011634.log,belief_ck,77.21778119509148,179.34960640454767,0.858727775390123,0.4889086328313957,25.10725130760065,0.4586584991740659,3.737842156813662
18104,18104_phase3_R71NoCue_1901011738.log,belief,52.93507059203744,114.55775202778224,0.5028474429360121,0.49708264498405225,100.0,,
18104,18104_phase3_R71NoCue_1901011738.log,belief_ck,8.866638024150154,35.10849773571505,0.8912314301823004,0.47479202937089765,100.0,0.999999,4.560471616810029
18104,18104_phase3_R71NoCue_1901021610.log,belief,241.94144306971663,496.4399289877649,0.6351310596739015,0.0001616262633506994,2.936030493344943,,
18104,18104_phase3_R71NoCue_1901021610.log,belief_ck,169.75311277975703,364.62031125617744,0.7272491573410725,0.029054330000586326,1.8524035561063537,0.4363616137401905,2.388731377786895
18104,18104_phase3_R71NoCue_1901031735.log,belief,374.64312452236146,762.2185384931981,0.5584173169923979,0.0015220922150495347,1.829771543459586,,
18104,18104_phase3_R71NoCue_1901031735.log,belief_ck,211.23189613228985,448.3283711615302,0.7199957661557221,0.06729591847590978,1.9277443067433668,0.43055808009279006,2.507318946684967
18104,18104_phase3_R71NoCue_1901041718.log,belief,553.4751641049183,1120.3195516651726,0.5006520374980378,0.5014347282323016,100.0,,
18104,18104_phase3_R71NoCue_1901041718.log,belief_ck,228.80968210006813,484.357811110808,0.7512535237521245,0.3565266093252867,5.284845184398657,0.3733542643008594,3.077006127976591
18104,18104_phase3_R71NoCue_1901051702.log,belief,423.29248280372616,859.9214221042871,0.5839991453492025,0.00034253128410752096,2.229806912903013,,
18104,18104_phase3_R71NoCue_1901051702.log,belief_ck,213.05139914012463,452.7757112739189,0.7628351388436002,0.10301452208509082,3.3298918855252455,0.4101594288234814,3.021090586692138
18104,18104_phase3_R71NoCue_1901061622.log,belief,445.00430641158874,902.9377894305574,0.49999702766295956,0.999999,0.001,,
18104,18104_phase3_R71NoCue_1901061622.log,belief_ck,151.03393948054475,327.92623217584935,0.7903689972487813,0.10600789060747931,2.833007279920444,0.5332112549106469,3.0522675110627393
18104,18104_phase3_R71NoCue_1901071355.log,belief,74.14726422234864,157.6401861136211,0.5000910554749787,0.9998904527231992,0.08072493199765081,,
18104,18104_phase3_R71NoCue_1901071355.log,belief_ck,19.819416956236648,58.330149250320915,0.830914650938952,0.0026294141270519784,2.762494393387281,0.23731059635916174,4.552309657272549
18104,18104_phase3_R71NoCue_1901071408.log,belief,176.07758941819972,364.1874931557962,0.6508620687605249,0.004422373684853636,3.226178269376279,,
18104,18104_phase3_R71NoCue_1901071408.log,belief_ck,100.39070309957766,224.84603483794874,0.7828177463136419,0.1057992673245745,4.1035333195718025,0.41641585360476174,2.6946110680747823
18104,18104_phase3_R71NoCue_1901081252.log,belief,140.9410124890828,292.5280449364424,0.5028229624816866,0.5030280218588087,100.0,,
18104,18104_phase3_R71NoCue_1901081252.log,belief_ck,94.80294664981291,210.89793321617947,0.6297367536362694,0.16173105686096373,0.9311416678202867,0.4166862390697368,2.1625322062853334
18104,18104_phase3_R71NoCue_1901081446.log,belief,317.48220685990407,647.960978018761,0.6199379703909301,0.0002854079909555317,2.814831960548467,,
18104,18104_phase3_R71NoCue_1901081446.log,belief_ck,210.11398425230183,446.2210971025094,0.7287411224550198,0.08623521506793701,3.0210381647739144,0.46665694590081813,2.604394374313349
18104,18104_phase3_R71NoCue_1901111543.log,belief,34.462123936637695,78.32520860486022,0.7310363926039743,1e-06,4.017002723549228,,
18104,18104_phase3_R71NoCue_1901111543.log,belief_ck,10.768266791738023,40.33845504664571,0.9067456170973487,0.12543272520599139,18.694486601950082,0.15136589098693481,9.321195488924275
18104,18104_phase3_R71NoCue_1901111608.log,belief,290.51818845783237,593.626908918544,0.5850772332476901,0.017456012027741403,2.4492710441872876,,
18104,18104_phase3_R71NoCue_1901111608.log,belief_ck,131.5169008135437,288.214865632846,0.7845451871653174,0.2813301608288572,8.341521058541716,0.5859994290421918,2.9141760315959226
18104,18104_phase3_R71NoCue_1901121708.log,belief,489.88611078502555,993.12134435368,0.5387287566395742,0.011953603524744267,1.5737899709731666,,
18104,18104_phase3_R71NoCue_1901121708.log,belief_ck,343.93567686587187,714.5695992990014,0.6477423833306158,0.10671364386628304,1.7626001472937642,0.4564265404440362,1.9677190283726957
18104,18104_phase3_R71NoCue_1901141059.log,belief,87.41157579962326,184.77661908408768,0.5472560683732393,1e-06,1.588638112628621,,
18104,18104_phase3_R71NoCue_1901141059.log,belief_ck,42.76771306280883,105.44236109529996,0.7445690046468879,0.07522887377437687,2.246428014156405,0.25415690445871225,3.0013069548936477
18104,18104_phase3_R71NoCue_1901151541.log,belief,125.95473110878777,262.35017386773217,0.5061934429804076,0.504497040859169,100.0,,
18104,18104_phase3_R71NoCue_1901151541.log,belief_ck,29.3974298573168,79.6762830149469,0.8530773750743009,0.22054082118379695,3.141560734804419,0.4499232696828614,3.9507416363478156
18104,18104_phase3_R71NoCue_1901151602.log,belief,234.1693865848514,480.1109812326031,0.5218002024523107,0.5088452523081494,100.0,,
18104,18104_phase3_R71NoCue_1901151602.log,belief_ck,101.82129821883197,227.18701256346458,0.7536426671936411,0.013327794993311187,1.5408093502282891,0.20086696296165737,3.6451700742679365
18104,18104_phase3_R71NoCue_1901161858.log,belief,24.72741473652378,56.62186734995978,0.5031471376042399,0.5043258045412459,100.0,,
18104,18104_phase3_R71NoCue_1901161858.log,belief_ck,6.0176217065405595,26.36931916690556,0.8460674803794307,0.505521294326945,100.0,0.405783143009795,3.7872727229565006
18104,18104_phase3_R71NoCue_1901211330.log,belief,275.8582195555647,563.9658058929178,0.5468238874533337,0.012527342353595079,1.733742190919806,,
18104,18104_phase3_R71NoCue_1901211330.log,belief_ck,166.61684306770212,357.73241969898106,0.6944825257249422,0.15666253841734143,2.9257609718937854,0.437668966269938,2.3569604797358825
18104,18104_phase3_R71NoCue_1901231440.log,belief,326.0409332206864,664.3915826294055,0.5004581597004791,0.9999937360996517,0.1596820370943626,,
18104,18104_phase3_R71NoCue_1901231440.log,belief_ck,177.41201885808178,379.44347009222923,0.6861418096663532,0.12419663154776409,2.8333537790341032,0.19485521294022806,3.1879605163418483
18104,18104_phase3_R71NoCue_1901241808.log,belief,804.9061231924138,1624.1494061793558,0.5378838815591129,0.019537708341732775,1.6304820012581531,,
18104,18104_phase3_R71NoCue_1901241808.log,belief_ck,363.64034653978496,755.9550126686261,0.7556670950980378,0.3942584139479941,14.337480105747222,0.7146888148062703,2.7409056481770016
18104,18104_phase3_R71NoCue_1901290927.log,belief,112.88776831206155,236.02346458292962,0.5107112066536108,0.5060881194708043,100.0,,
18104,18104_phase3_R71NoCue_1901290927.log,belief_ck,39.07299342518627,98.64184276798557,0.7924884544797884,0.9574336143382688,1.493242933449,0.444643420836819,3.18457603134566
18104,18104_phase3_R71NoCue_1901290953.log,belief,256.2356469753526,525.0245809293885,0.6177657411823401,0.0020012683403808707,2.7283169502753033,,
18104,18104_phase3_R71NoCue_1901290953.log,belief_ck,137.0539827096403,299.21453937664717,0.7728886667552278,0.12974063948009285,3.987543065515573,0.6004683527805174,2.6453601196740255
18104,18104_phase3_R71NoCue_1901301011.log,belief,41.66464316043012,92.41587588540024,0.6419525519229838,8.587300543097136e-05,2.9780637326319956,,
18104,18104_phase3_R71NoCue_1901301011.log,belief_ck,17.571931097408253,53.31704132389652,0.8294972893188451,0.001495157669927991,2.766522918100572,0.43680503939988896,3.320826490291866
18104,18104_phase3_R71NoCue_1902011516.log,belief,37.390541823033075,83.27807413016487,0.5861669704560075,0.0010064595393785936,2.2113426897628536,,
18104,18104_phase3_R71NoCue_1902011516.log,belief_ck,32.87128652723829,82.73655402267401,0.6252586920936111,0.02408443293217927,2.011264429626506,0.9603381232446089,0.9957937359012339
18104,18104_phase3_R71NoCue_1902261021.log,belief,264.76266700217747,541.6010758441992,0.5315851927302486,0.059779275273194606,1.7108724064442606,,
18104,18104_phase3_R71NoCue_1902261021.log,belief_ck,204.3928244588568,432.9371325974022,0.613968879548067,0.1539022580045035,1.850880104501955,0.28530523346659226,1.890323044202955
18104,18104_phase3_R71NoCue_1902271117.log,belief,248.43151316674604,508.9339891985416,0.5519301593884138,0.006918648680817572,1.7903201431179652,,
18104,18104_phase3_R71NoCue_1902271117.log,belief_ck,129.65592248211186,283.45377069432277,0.7333137503472547,0.18301506428750794,4.048689960771893,0.43690289632538737,2.6838035482863596
18104,18104_phase3_R71NoCue_1902281031.log,belief,68.1965642606196,146.2476358915536,0.6100721794250497,1e-06,2.6569065879254246,,
18104,18104_phase3_R71NoCue_1902281031.log,belief_ck,54.826890452919756,129.36279564646833,0.6721348374429998,0.012428494446226023,1.738579237735319,0.5193253118010037,1.7262096383291643
18104,18104_phase3_R71NoCue_1903011128.log,belief,87.81022617432292,185.61487689617408,0.5524942024128483,0.05056842563886192,2.231245725771111,,
18104,18104_phase3_R71NoCue_1903011128.log,belief_ck,73.63590742102723,167.2606639371109,0.6080246135596896,0.13410675663926044,2.2102502642083035,0.4258423273338338,1.5208794202680354
18104,18104_phase3_R71NoCue_1903040942.log,belief,63.595383168809995,136.2559653239265,0.5046847387286276,0.45581776646236527,8.29708807522726,,
18104,18104_phase3_R71NoCue_1903040942.log,belief_ck,21.087889576509124,60.30617712563127,0.79711884105663,0.4394923661477469,19.92722911005906,0.5334691095859398,3.305927451096934
18104,18104_phase3_R71NoCue_1903051112.log,belief,126.0731447237609,263.0992165513848,0.5900767312402438,0.008658550605332889,2.5887992080143114,,
18104,18104_phase3_R71NoCue_1903051112.log,belief_ck,90.50011798968977,202.90609018710558,0.6847773147375654,0.08026797016319855,2.4165934205129944,0.4338047230833149,2.0476393158614132
18104,18104_phase3_R71NoCue_1903061109.log,belief,194.36058538700303,400.0883303086834,0.5162880532712301,0.05247921215070909,1.2689494124608138,,
18104,18104_phase3_R71NoCue_1903061109.log,belief_ck,109.08678397005976,240.90788700947422,0.6900139371053897,0.27553057651148355,4.151873012199016,0.5062106296897164,2.3878085322439433
18104,18104_phase3_R71NoCue_1903071014.log,belief,310.23638529720614,633.029813442744,0.5587478348435074,9.734672722819798e-05,1.8481015461598114,,
18104,18104_phase3_R71NoCue_1903071014.log,belief_ck,140.74396870907427,306.6020231148119,0.7679274788942163,0.2036402834088145,5.164755410765594,0.47784058132243046,3.0771068301524
18104,18104_phase3_R71NoCue_1903081131.log,belief,336.745163692926,686.2841866962842,0.5705000970944283,0.020977001496256132,2.351570454352353,,
18104,18104_phase3_R71NoCue_1903081131.log,belief_ck,234.82160971704826,495.2309380549611,0.6761303814775255,0.16679612466583885,2.6019507804406095,0.5769099223796725,1.9751721854628779
18104,18104_phase3_R71NoCue_1903110807.log,belief,185.36952219297922,382.092551990495,0.5300271057613012,1e-06,1.2664749161358735,,
18104,18104_phase3_R71NoCue_1903110807.log,belief_ck,153.5323575244836,329.7717302580403,0.5910848244145552,0.03931682278115154,1.0871954919285882,0.569873017143764,1.436229911903018
18104,18104_phase3_R71NoCue_1903130815.log,belief,89.26417854844945,189.1743770551757,0.646983156979344,0.0006695175011039916,3.0548561341807123,,
18104,18104_phase3_R71NoCue_1903130815.log,belief_ck,55.47860942916419,132.249258774882,0.7629007284301301,0.04936507098972019,2.2566300140838,0.517334342414307,2.5158347428408714
18104,18104_phase3_R71NoCue_1903181715.log,belief,190.7414088283176,392.7380598840165,0.5035258761250789,0.15574662052725363,0.939642151828171,,
18104,18104_phase3_R71NoCue_1903181715.log,belief_ck,179.28801011517712,381.0865046851168,0.5247040447151705,0.1916447202724603,1.128209308412755,0.5960006304609632,0.8120152448935264
18104,18104_phase3_R71NoCue_1903210958.log,belief,18.596519230344665,44.41487428597778,0.6049505088523924,3.5738483486177e-05,2.976685075870968,,
18104,18104_phase3_R71NoCue_1903210958.log,belief_ck,18.596519236062857,51.63671012270261,0.6049505087588999,3.573802077473125e-05,2.976682195957312,1e-06,0.001
18104,18104_phase3_R71NoCue_1903211003.log,belief,148.09894147702545,306.9298349840946,0.5005483265236577,0.5131911918108221,9.914994726172955,,
18104,18104_phase3_R71NoCue_1903211003.log,belief_ck,148.0955646800403,317.655033420168,0.5005562249508333,0.5175872315522451,7.550433549814887,1e-06,0.001
18104,18104_phase8_R71NoCueWithPupil_1901301024.log,belief,308.65346255901477,630.1173820340912,0.6003928953458817,0.01648883390079709,2.7756645993444558,,
18104,18104_phase8_R71NoCueWithPupil_1901301024.log,belief_ck,179.54765358263995,384.7162209974033,0.7432127165240168,0.1764596759301987,4.626835522427582,0.6345029217463649,2.3783363894884264
18104,18104_phase8_R71NoCueWithPupil_1902011536.log,belief,370.14350147806437,752.8477946340491,0.4999972780420031,0.999999,0.001,,
18104,18104_phase8_R71NoCueWithPupil_1902011536.log,belief_ck,150.18734979016375,325.49628293616826,0.7548398143192488,0.0194361016874363,2.0027690212482967,0.41623073792567544,2.687880736799435
18104,18104_phase8_R71NoCueWithPupil_1902281048.log,belief,103.59701596158673,217.36922459363825,0.5275625972766768,0.057042692087412444,1.6244596966474087,,
18104,18104_phase8_R71NoCueWithPupil_1902281048.log,belief_ck,66.5004627925879,153.35131092610533,0.6633207075846334,0.21079356783809652,2.608362875166277,0.3529588977603565,2.238746189585158
18104,18104_phase8_R71NoCueWithPupil_1903011147.log,belief,180.28367159114995,372.4634131606612,0.6245558341579239,0.004020372605542975,2.8808320915247294,,
18104,18104_phase8_R71NoCueWithPupil_1903011147.log,belief_ck,149.08360987936211,321.9593597154468,0.6775633364140201,0.07103296470368346,2.347784308163505,0.39278426848923675,1.8361909630827582
18104,18104_phase8_R71NoCueWithPupil_1903040952.log,belief,281.2115878232161,574.9951718354499,0.5923417763892088,0.00160631447597068,2.452009220392372,,
18104,18104_phase8_R71NoCueWithPupil_1903040952.log,belief_ck,185.36232495080122,395.8686422796379,0.7080920084672718,0.07138308028174917,1.9949527918471395,0.5672337142358314,2.203269237227286
18105,18105_phase3_R71NoCue_1812031219.log,belief,292.030459619937,596.2207856300652,0.512598740915022,0.5065591483047021,100.0,,
18105,18105_phase3_R71NoCue_1812031219.log,belief_ck,234.9630792692347,494.24589131885176,0.5841059155979286,0.9326314174566982,1.4091443141226843,0.15842293085397557,2.1028017174522162
18105,18105_phase3_R71NoCue_1812051303.log,belief,125.11591951667944,260.71533306347817,0.5158243429214364,0.5079249149559787,100.0,,
18105,18105_phase3_R71NoCue_1812051303.log,belief_ck,61.16242007948418,143.29182821920693,0.7235318670128272,0.00016485199187847658,1.0304478077263735,0.16193724674992524,3.490024838576575
18105,18105_phase3_R71NoCue_1812051415.log,belief,140.55899572101762,291.84994347207896,0.5184987111653502,0.5081338892127785,100.0,,
18105,18105_phase3_R71NoCue_1812051415.log,belief_ck,42.287666811506156,106.03923768309971,0.8206932084619271,0.016004196570606408,2.1304520232325865,0.0342938839988735,4.856370930306926
18105,18105_phase3_R71NoCue_1812061042.log,belief,319.2426274499618,650.7563846820871,0.5010740631838834,0.48187130757631574,10.212704565231395,,
18105,18105_phase3_R71NoCue_1812061042.log,belief_ck,242.67793693447135,509.89813343326966,0.5913915736699238,0.16750426842541838,1.3664288498506965,0.1922840854351384,2.1828778584482023
18105,18105_phase3_R71NoCue_1812211957.log,belief,237.05905263532148,485.7877267447682,0.4999960279634085,0.999999,0.001,,
18105,18105_phase3_R71NoCue_1812211957.log,belief_ck,105.75713853582,234.85352001989042,0.7340109008177615,0.7119356738706591,1.799234862616412,0.3819890165909143,2.777369317128811
18105,18105_phase3_R71NoCue_1812241331.log,belief,111.27644479672833,233.0678803375122,0.5601420780381738,0.515351410431783,100.0,,
18105,18105_phase3_R71NoCue_1812241331.log,belief_ck,11.751317815058103,44.532617118227336,0.9406305974485257,1e-06,1.7926275621407606,0.015259200138913865,26.11424827240314
18105,18105_phase3_R71NoCue_1812241356.log,belief,201.70322066838136,414.81400628607514,0.5105105023605051,0.0002067867716791297,0.7425431488452904,,
18105,18105_phase3_R71NoCue_1812241356.log,belief_ck,124.58101814712215,271.9771661928691,0.660161972962962,0.49382497762989175,3.379077033821198,0.43588600101178926,2.26138634698963
18105,18105_phase3_R71NoCue_1812251513.log,belief,569.6076086412551,1152.6386980726224,0.5000969520864605,0.999999,0.07101764133380246,,
18105,18105_phase3_R71NoCue_1812251513.log,belief_ck,360.79654614921367,748.4400538786521,0.6447289786534334,0.9857702853236339,0.33890232576885077,0.30846181216073965,2.2901431955097795
18105,18105_phase3_R71NoCue_1812261818.log,belief,156.93052764278346,324.7109553205297,0.5009124667035719,0.9999974359911115,0.2700703326564859,,
18105,18105_phase3_R71NoCue_1812261818.log,belief_ck,53.54652557540255,128.7928512207307,0.7898693097794067,0.13836971768247344,2.4723790414641456,0.3200707754666232,3.4744751581355984
18105,18105_phase3_R71NoCue_1812281505.log,belief,231.51270878786323,474.6476995616799,0.4999976789262834,0.999999,0.001,,
18105,18105_phase3_R71NoCue_1812281505.log,belief_ck,37.51431391555553,98.27319180301787,0.8937597239076859,0.16655316619249327,1.9125105713902761,0.5409652027803753,4.275708717240822
18105,18105_phase3_R71NoCue_1812281542.log,belief,678.776380669264,1371.3360131326324,0.5016696744072373,0.9999988571227839,0.29638157299896656,,
18105,18105_phase3_R71NoCue_1812281542.log,belief_ck,419.28394737685187,866.1343983419127,0.6530500068055358,0.07073721605856952,1.067672373938027,0.2447974839223897,2.626537279382041
18105,18105_phase3_R71NoCue_1812311232.log,belief,112.69130012535734,236.00901220879825,0.5739978907804908,0.5173471242620712,100.0,,
18105,18105_phase3_R71NoCue_1812311232.log,belief_ck,24.665723225231,70.58427036662916,0.8855857170234632,0.06163845078007695,2.745742071725131,0.22201875385614386,5.360733980795204
18105,18105_phase3_R71NoCue_1812311259.log,belief,190.49548303837767,392.3581256114327,0.5231203012495617,0.508926286124751,100.0,,
18105,18105_phase3_R71NoCue_1812311259.log,belief_ck,57.06267709679718,136.8596732629491,0.8235831702387082,0.49821204553147225,100.0,0.323143855707723,3.5489809009778175
18105,18105_phase3_R71NoCue_1812311331.log,belief,387.33770086836813,787.3277006830465,0.5001176999554362,0.5042088020966604,14.394896113193985,,
18105,18105_phase3_R71NoCue_1812311331.log,belief_ck,102.1525655101622,229.6097289129448,0.8329833542775266,0.042540865430043324,2.813034705242758,0.42416106653170516,3.9522445953815883
18105,18105_phase3_R71NoCue_1901011658.log,belief,208.085857783038,428.0885649521355,0.584096216762057,0.5190425422103724,100.0,,
18105,18105_phase3_R71NoCue_1901011658.log,belief_ck,13.05279342339862,49.93928561891637,0.9668343043856925,0.03929680890702107,1.8646643682679083,0.999999,6.053933674166154
18105,18105_phase3_R71NoCue_1901011740.log,belief,365.58497749889335,743.7081475651992,0.5003758361032046,0.4843791724758934,6.7388907640483335,,
18105,18105_phase3_R71NoCue_1901011740.log,belief_ck,112.01569191453217,249.10776896388938,0.808842608398591,0.01738817828539614,1.9710753717855263,0.44723522837028534,3.3985425080014573
18105,18105_phase3_R71NoCue_1901021620.log,belief,147.80363496382566,306.4035953306868,0.5123256974556566,0.506488462751195,100.0,,
18105,18105_phase3_R71NoCue_1901021620.log,belief_ck,45.72793310804691,113.04851702216483,0.8130897967140527,0.0419794769821567,2.7995690628402916,0.2759526977930436,4.311917963069453
18105,18105_phase3_R71NoCue_1901021656.log,belief,198.00414911900558,407.32028185965083,0.5004126606167185,0.5012979103301461,85.73804477390753,,
18105,18105_phase3_R71NoCue_1901021656.log,belief_ck,37.86844359120229,98.360854425684,0.8759842694780781,0.07332645990200527,2.4831313564359454,0.4084324332828881,4.2271258267645955
18105,18105_phase3_R71NoCue_1901031455.log,belief,395.3751946263611,803.5207780507177,0.5133808769653299,0.004547003078992998,0.8717908158670498,,
18105,18105_phase3_R71NoCue_1901031455.log,belief_ck,125.56205018528688,276.66487796656463,0.8091747416351727,0.21546035581994777,4.033516973137567,0.5961475735594468,3.2972137954440837
18105,18105_phase3_R71NoCue_1901041710.log,belief,588.481980853449,1190.4520800795208,0.49999998553707004,0.999999,0.001,,
18105,18105_phase3_R71NoCue_1901041710.log,belief_ck,226.54488539832275,480.0660075418909,0.7657976406449482,0.11601134069478113,2.557999506971453,0.473456378890842,2.9887548782029447
18105,18105_phase3_R71NoCue_1901051700.log,belief,446.6104126874512,906.7738393596467,0.6009473784097463,0.018685489274155715,2.8147877950555102,,
18105,18105_phase3_R71NoCue_1901051700.log,belief_ck,226.12584521876258,479.35771840701386,0.7727187116606743,0.2881553905096365,9.371854234045998,0.710176102453161,2.7861740804794892
18105,18105_phase3_R71NoCue_1901061607.log,belief,224.589971601965,461.25090606897953,0.5843257954522639,0.001140159086581358,2.2535074719842596,,
18105,18105_phase3_R71NoCue_1901061607.log,belief_ck,133.62817056559112,291.3982668612813,0.7263780871067735,0.14020368509153203,3.26779209230543,0.563516434084975,2.4789819392330754
18105,18105_phase3_R71NoCue_1901061654.log,belief,168.58784598482103,349.0821786382176,0.6453964440576723,0.030985790502645823,4.046961039441561,,
18105,18105_phase3_R71NoCue_1901061654.log,belief_ck,106.3517756444928,236.51652462613674,0.7586320677845343,0.12048562137747354,5.80405652557263,0.7003036209710369,2.268776444863656
18105,18105_phase3_R71NoCue_1901071403.log,belief,236.34526930997737,485.42691299265573,0.6667134249868285,0.04340261657458086,4.440404221439587,,
18105,18105_phase3_R71NoCue_1901071403.log,belief_ck,148.96615764302248,323.40506403144695,0.7745163062621397,0.17536949188151704,5.9668484386413505,0.7287493998152316,2.2515974147420055
18105,18105_phase3_R71NoCue_1901121703.log,belief,96.1483698094936,202.16568748524858,0.5007166580305755,0.9743654762286247,0.28716818396687427,,
18105,18105_phase3_R71NoCue_1901121703.log,belief_ck,30.27288627514342,80.2836682828096,0.8042938843915297,0.94024175731763,2.396296387000428,0.4728641763362275,3.519544834567779
18105,18105_phase3_R71NoCue_1901141106.log,belief,34.48307268910745,77.73019864756267,0.6498339510741299,1e-06,3.0899191215404525,,
18105,18105_phase3_R71NoCue_1901141106.log,belief_ck,18.71863333474259,54.96537320818071,0.7913753350948077,0.02207371639927025,3.102752574565066,0.3205718089889803,3.24880459520573
18105,18105_phase3_R71NoCue_1901211330.log,belief,595.2127477122933,1203.937033268555,0.5001168241164703,0.9994168803185943,0.08833083587795136,,
18105,18105_phase3_R71NoCue_1901211330.log,belief_ck,191.3346556726654,409.69238703326783,0.8003219785424821,0.3192549610505307,4.337385119521435,0.5559186317571729,3.1844024766129335
18105,18105_phase3_R71NoCue_1901231324.log,belief,450.2508304682615,913.6959523402962,0.5410424089997402,0.0003132678526210786,1.5106505323831825,,
18105,18105_phase3_R71NoCue_1901231324.log,belief_ck,210.7368637998062,447.862310407159,0.750137217844974,0.1320437840393311,4.340586201595551,0.3211339907969223,3.2920604260937814
18105,18105_phase3_R71NoCue_1901241757.log,belief,96.22249982369506,202.9072168810993,0.5977642565416396,0.520547603850056,100.0,,
18105,18105_phase3_R71NoCue_1901241757.log,belief_ck,18.534350759459766,57.993135986337876,0.9056393005863465,1e-06,6.962763007131141,0.02554638726082476,11.8007328847462
18105,18105_phase3_R71NoCue_1901241817.log,belief,142.7270627454956,296.10987782857035,0.50014870281167,0.5068712182073505,9.93073258793664,,
18105,18105_phase3_R71NoCue_1901241817.log,belief_ck,65.19277231441392,151.69704930398615,0.7287170414239462,0.1643290809532503,1.623813993444856,0.3687180580944017,2.8866557187149127
18105,18105_phase3_R71NoCue_1901241842.log,belief,54.81131135152433,118.41152101239354,0.5083003041351041,1e-06,0.6441654685756156,,
18105,18105_phase3_R71NoCue_1901241842.log,belief_ck,12.066567823716262,41.710932266122285,0.8615949855091909,0.4723151697584741,100.0,0.999999,4.433363752418723
18105,18105_phase3_R71NoCue_1901241852.log,belief,94.61521738031145,199.29131060340777,0.5388057764244706,0.5119813494678067,100.0,,
18105,18105_phase3_R71NoCue_1901241852.log,belief_ck,9.276425703980651,38.67460309353105,0.9411711891508977,0.06521344845137209,7.505504920455438,0.20260862238566713,8.307785412674688
18105,18105_phase3_R71NoCue_1901241910.log,belief,525.0976645856648,1063.4829086376249,0.5047354151363997,0.4122782954187001,4.1292733249980555,,
18105,18105_phase3_R71NoCue_1901241910.log,belief_ck,180.98393911602355,388.5430371646378,0.7900522703388507,0.4537989167507185,30.600214792103408,0.6530581000594381,3.1318012501182886
18105,18105_phase3_R71NoCue_1901251319.log,belief,453.381889660648,919.9443814176894,0.5364524660324966,0.030662954009883035,1.6540806403601276,,
18105,18105_phase3_R71NoCue_1901251319.log,belief_ck,176.8400341915805,380.0412725759477,0.7843404269108544,0.289210835336699,8.38767132227823,0.7144700504537017,3.0455385845829035
18105,18105_phase8_R71NoCueWithPupil_1901081317.log,belief,588.7939892138515,1191.1927679543517,0.5198497021193873,0.0017151212531600862,1.0300543979087844,,
18105,18105_phase8_R71NoCueWithPupil_1901081317.log,belief_ck,241.91267612070658,511.0349312947104,0.7643023191778276,0.06365346287323778,1.7604299791532232,0.5359239056727212,2.86618560602409
18105,18105_phase8_R71NoCueWithPupil_1901111636.log,belief,352.69213535395556,718.2946678345913,0.5743321550841441,0.01537222608455913,2.324755287727537,,
18105,18105_phase8_R71NoCueWithPupil_1901111636.log,belief_ck,193.28251924487714,412.38583274311475,0.7379321973247227,0.125868343305807,3.4441481752893743,0.5248428323746976,2.486473231619088
18106,18106_phase3_R71NoCue_1812031526.log,belief,84.01047803825278,178.33906667493463,0.6170415969361962,0.5231661374945453,100.0,,
18106,18106_phase3_R71NoCue_1812031526.log,belief_ck,9.766067780784425,40.16835675842697,0.9454192242395115,0.5142760906326798,100.0,0.6118290845150175,4.581530831065404
18106,18106_phase3_R71NoCue_1812031554.log,belief,36.626657987934706,81.19389980297366,0.5010401613973867,0.999999,0.31506703233995914,,
18106,18106_phase3_R71NoCue_1812031554.log,belief_ck,6.361146338631159,28.603460331470806,0.8869012536951912,0.2119297809576381,0.8729794557023106,0.31934969858230644,4.459709210800784
18106,18106_phase3_R71NoCue_1812031638.log,belief,161.8352107469477,334.5810637246108,0.5007724539860224,0.999803976234388,0.2324932063294699,,
18106,18106_phase3_R71NoCue_1812031638.log,belief_ck,84.81002001800701,191.44132449744484,0.6959788667435381,0.025134924333466008,1.1290215781127881,0.3556526883557616,2.708765017456894
18106,18106_phase3_R71NoCue_1812041619.log,belief,180.51551387347342,372.16771675446904,0.5020826602628721,0.5195496991697826,13.358970065200923,,
18106,18106_phase3_R71NoCue_1812041619.log,belief_ck,116.44356918176169,255.16051637856776,0.6411825304231008,0.7142393913354954,1.1370722773911202,0.1641277122462422,2.3883528131299037
18106,18106_phase3_R71NoCue_1812061208.log,belief,257.48972790091716,527.0599652243892,0.5416849168994937,1.814370582404853e-05,1.5002241451159866,,
18106,18106_phase3_R71NoCue_1812061208.log,belief_ck,158.60227219739122,341.3655632398921,0.68548788208964,0.017452679576171182,1.7721621304496935,0.19745219056069585,2.8075241461632405
18106,18106_phase3_R71NoCue_1812071532.log,belief,277.93508673491505,567.8580963244432,0.5000211135001601,0.49804640995768923,12.828998468205263,,
18106,18106_phase3_R71NoCue_1812071532.log,belief_ck,209.0151216302312,442.0060889696887,0.5937869361696755,0.27722290135235206,0.8525472455521892,0.33937843021803415,1.9073042516599537
18106,18106_phase3_R71NoCue_1812211811.log,belief,77.2887258762939,164.34305559776053,0.5568158798194197,0.515169652279561,100.0,,
18106,18106_phase3_R71NoCue_1812211811.log,belief_ck,0.6931471805600762,20.917502051465636,0.9947626479992414,0.999999,0.001,0.999999,38.65367075548823
18106,18106_phase3_R71NoCue_1812211836.log,belief,39.684021737069926,87.52311836195129,0.5103744852492827,1e-06,0.7358807347476152,,
18106,18106_phase3_R71NoCue_1812211836.log,belief_ck,7.941840422384982,32.193830620392845,0.8740589432718249,1e-06,2.245422095659437,0.0018151166691400618,100.0
18106,18106_phase3_R71NoCue_1812211852.log,belief,80.22526396961116,169.97487580881784,0.5037445337814639,0.503656796803092,100.0,,
18106,18106_phase3_R71NoCue_1812211852.log,belief_ck,30.388254826085333,79.82520539136169,0.7712608207406437,0.7652159330534747,2.893115972096734,0.3924553931842532,3.187413181631571
18106,18106_phase3_R71NoCue_1812241504.log,belief,150.73079970693308,312.34643483490976,0.5207348538917026,0.5085824933662227,100.0,,
18106,18106_phase3_R71NoCue_1812241504.log,belief_ck,54.32459545820888,130.41886175850493,0.79043535035435,0.5240300760709357,10.101356659970216,0.5419848317908115,2.9921126851134927
18106,18106_phase3_R71NoCue_1812241550.log,belief,57.942090086140865,125.87860471980996,0.6760416389946937,0.5312257958036587,100.0,,
18106,18106_phase3_R71NoCue_1812241550.log,belief_ck,8.838672495806104,37.66619408666867,0.9420275485324522,0.5168103800511278,100.0,0.40876078600045856,4.495000663083977
18106,18106_phase3_R71NoCue_1812241616.log,belief,50.671525793652556,110.03066243101247,0.5178489075413331,0.507963369375242,100.0,,
18106,18106_phase3_R71NoCue_1812241616.log,belief_ck,3.8116508840200933,24.998523455454922,0.9517032932408841,0.0009390847000497617,22.540426694562093,0.005002139536433498,100.0
18106,18106_phase3_R71NoCue_1812251549.log,belief,130.9566523815245,272.9076412136354,0.5846700594916577,0.5189723342653391,100.0,,
18106,18106_phase3_R71NoCue_1812251549.log,belief_ck,5.282282801410167,32.55323850399314,0.9785839512103374,0.7695282257819542,3.188799458151481,0.00881168396052269,100.0
18106,18106_phase3_R71NoCue_1812261628.log,belief,50.456878493109016,109.79905949919866,0.5523295857702551,0.5144403970915302,100.0,,
18106,18106_phase3_R71NoCue_1812261628.log,belief_ck,0.6931471805992487,19.156899387159765,0.9918784864353768,0.999999,3.2700491785677794,0.999999,29.409372014735453
18106,18106_phase3_R71NoCue_1812261648.log,belief,26.89588179788606,61.16952250399999,0.5104834582456579,0.506219413115353,100.0,,
18106,18106_phase3_R71NoCue_1812261648.log,belief_ck,4.205066742646154,23.165651301748053,0.9002104869924316,1e-06,7.793460883948496,0.08162744113420331,7.331046490135451
18106,18106_phase3_R71NoCue_1812281318.log,belief,475.4982525397091,964.0582603348699,0.5000005199160235,0.999999,0.005008609026026081,,
18106,18106_phase3_R71NoCue_1812281318.log,belief_ck,140.63323390403372,307.389978318971,0.8146434760542237,0.4953075570926146,19.410935936111795,0.6070782258574438,3.172813055556749
18106,18106_phase3_R71NoCue_1812311354.log,belief,464.6175073528332,942.2525529796097,0.5003609728638331,0.9999941706716771,0.1423789647561803,,
18106,18106_phase3_R71NoCue_1812311354.log,belief_ck,163.99556144895723,354.0261994458012,0.7831706119248979,0.49323240811678276,39.03860298683843,0.5707569925615863,2.958427514004807
18106,18106_phase3_R71NoCue_1901011807.log,belief,435.48980097916404,884.5530358595382,0.6116937823032662,0.00015208548773198375,2.611448664308714,,
18106,18106_phase3_R71NoCue_1901011807.log,belief_ck,226.4818552518568,480.11057830613396,0.7744339826269743,0.05952551569287936,3.0765635687422135,0.39746867137249015,3.0597663522246847
18106,18106_phase3_R71NoCue_1901021739.log,belief,211.48017258545187,434.8720199098334,0.5781764993182644,0.5179709083374939,100.0,,
18106,18106_phase3_R71NoCue_1901021739.log,belief_ck,7.343897832782173,38.51114514342367,0.9811542031113402,0.11783972527863878,13.771436765407012,0.075371244441365,11.160916427318455
18106,18106_phase3_R71NoCue_1901021822.log,belief,192.10487322157692,395.6372120541726,0.530460658702778,0.5106625375750058,100.0,,
18106,18106_phase3_R71NoCue_1901021822.log,belief_ck,28.70484447045653,80.26462016295054,0.9096135315351698,0.08358235491697043,4.461237981008239,0.34814243778897885,5.77122060045281
18106,18106_phase3_R71NoCue_1901032043.log,belief,38.215860127072894,85.03985044055413,0.5966464558550704,0.5202240682348784,100.0,,
18106,18106_phase3_R71NoCue_1901032043.log,belief_ck,7.402749624654225,32.02175962212513,0.9048037975352767,0.9995853494690943,4.069189796030763,0.3805145841591519,5.860614070320654
18106,18106_phase3_R71NoCue_1901032100.log,belief,194.34812105281017,400.00822572726,0.5068506550298925,0.5047103615172637,100.0,,
18106,18106_phase3_R71NoCue_1901032100.log,belief_ck,53.86858171736006,130.36113067799954,0.8283233476637942,0.16287340294602534,1.6842789870743204,0.464289460677155,3.5872980001884067
18106,18106_phase3_R71NoCue_1901032139.log,belief,337.5461138352258,687.5334080106511,0.5111634726116207,0.5061688949620721,100.0,,
18106,18106_phase3_R71NoCue_1901032139.log,belief_ck,89.70157577522917,204.2855122308573,0.8366636403565781,0.2862958792744116,4.586717250911815,0.400495567865303,3.8842894966918724
18106,18106_phase3_R71NoCue_1901051819.log,belief,71.03520481873042,151.9103714891171,0.5954099347714057,0.5202367933353746,100.0,,
18106,18106_phase3_R71NoCue_1901051819.log,belief_ck,0.6931471805600812,21.06621806443266,0.994953309081074,0.999999,10.340273043066741,0.999999,57.88095325829496
18106,18106_phase3_R71NoCue_1901051837.log,belief,51.76537658438612,113.37071502042849,0.6853336602069717,0.5314798782371182,100.0,,
18106,18106_phase3_R71NoCue_1901051837.log,belief_ck,0.6931471805600812,21.06621806443266,0.994953309081074,0.999999,4.811400108327864,0.999999,43.484004576403116
18106,18106_phase3_R71NoCue_1901051853.log,belief,303.4017182043834,618.9724352349172,0.5010145747385372,0.5017732658080505,100.0,,
18106,18106_phase3_R71NoCue_1901051853.log,belief_ck,58.81333473541029,141.96466712312127,0.8746152971189678,0.12999600993099555,4.826665784516941,0.4816276507970503,4.635399782758436
18106,18106_phase3_R71NoCue_1901061722.log,belief,51.07174540025766,112.58420245067197,0.7587647562819159,0.5411619974404247,100.0,,
18106,18106_phase3_R71NoCue_1901061722.log,belief_ck,0.6931471805601291,22.267717661433554,0.9962602687614884,0.999999,0.001,0.999999,58.76893588871599
18106,18106_phase3_R71NoCue_1901061826.log,belief,279.1751053682076,570.4115812569377,0.5111490730252825,0.5060992886468286,100.0,,
18106,18106_phase3_R71NoCue_1901061826.log,belief_ck,64.0704485568177,152.26363815468045,0.8572587322506667,0.29077092681578026,6.491107698824759,0.4676908298439886,4.247342200175286
18106,18106_phase3_R71NoCue_1901071514.log,belief,618.5177376113895,1250.6291226593287,0.501034022473536,0.46872098718194394,5.631377686456951,,
18106,18106_phase3_R71NoCue_1901071514.log,belief_ck,213.33295373229026,453.85320233767993,0.7879183256416069,0.2810974599738083,5.975926601626275,0.570401521593804,3.2639492312380307
18106,18106_phase3_R71NoCue_1901081259.log,belief,69.96091914215877,149.35883602690774,0.5354482332138779,0.5114907498112459,100.0,,
18106,18106_phase3_R71NoCue_1901081259.log,belief_ck,6.1231521620091005,31.120299809198578,0.9467965914274775,1e-06,1.2935417963198992,0.999999,5.1413532531723085
18106,18106_phase3_R71NoCue_1901081313.log,belief,85.89032609023315,181.42121531167638,0.5002416886332884,0.999999,0.11728401621413388,,
18106,18106_phase3_R71NoCue_1901081313.log,belief_ck,26.49314738024126,72.26742102290267,0.8076274412497542,0.4917086340376279,100.0,0.7304401092247284,3.2212653828480344
18106,18106_phase3_R71NoCue_1901081327.log,belief,374.8177412899581,762.2661985829609,0.5077379721899888,0.5050987579939196,100.0,,
18106,18106_phase3_R71NoCue_1901081327.log,belief_ck,45.3065942406945,115.87462048747834,0.9213376091747346,0.09088386368690408,1.8519157582982535,0.999999,4.465247631827258
18106,18106_phase3_R71NoCue_1901111554.log,belief,628.8331100391785,1271.445402695066,0.5271028529872593,0.018070739491919976,1.3537500403600873,,
18106,18106_phase3_R71NoCue_1901111554.log,belief_ck,262.4453508678128,552.4490669690434,0.7654771163093924,0.34166963639069076,8.700020371924492,0.7369631049746114,2.795030572756965
18106,18106_phase3_R71NoCue_1901121717.log,belief,384.8670796513476,783.0243412417065,0.606241203363993,0.005394749490112812,2.6233982257033324,,
18106,18106_phase3_R71NoCue_1901121717.log,belief_ck,195.13684024000395,416.8540443580305,0.7758826313351331,0.21853221367996817,4.591155267777093,0.7841819406591805,2.5565122216406393
18106,18106_phase3_R71NoCue_1901141146.log,belief,311.24436327367766,635.060722736373,0.5601232434649848,0.10488786910575798,2.857566797946003,,
18106,18106_phase3_R71NoCue_1901141146.log,belief_ck,145.7241418574924,316.5922760930203,0.7623365782687959,0.3237814696464727,9.85558473636412,0.9374189871562827,2.4715876284470406
18106,18106_phase3_R71NoCue_1901151559.log,belief,476.1248063883889,965.3142813612225,0.50004898832131,0.999999,0.05099202214378157,,
18106,18106_phase3_R71NoCue_1901151559.log,belief_ck,154.38863272039418,334.90660260967775,0.7987328672056497,0.35156210647540453,3.4306716924017255,0.8020923076402148,2.9582364954186047
18106,18106_phase3_R71NoCue_1901211331.log,belief,243.83455059122034,499.3963635336369,0.5002177419516047,0.506381893833518,13.384605232384386,,
18106,18106_phase3_R71NoCue_1901211331.log,belief_ck,79.24161965197034,181.93776400633305,0.798421809661531,0.2547625452609682,2.7502253935958594,0.6110566225367406,3.1519799409880163
18106,18106_phase3_R71NoCue_1901211430.log,belief,185.41986019383455,382.1446987482064,0.5217347298243123,0.5089865039898589,100.0,,
18106,18106_phase3_R71NoCue_1901211430.log,belief_ck,43.41339006417433,109.43673684942326,0.8587068497638701,0.23086330286623225,1.9855519257716134,0.5175735678288355,3.8499612027787835
18106,18106_phase3_R71NoCue_1901211517.log,belief,21.061152971144125,50.27738083009969,0.6997944048571076,1e-06,3.624709925093274,,
18106,18106_phase3_R71NoCue_1901211517.log,belief_ck,9.491091534258588,35.292332844140056,0.8514061874700813,0.10845386699548748,6.121449070205454,0.14620147607444997,5.984384690000115
18106,18106_phase3_R71NoCue_1901251453.log,belief,528.6298164598473,1070.7524571768415,0.5373064787542591,0.0016857450997729694,1.4567524741788074,,
18106,18106_phase3_R71NoCue_1901251453.log,belief_ck,219.3611467985445,465.70794211138247,0.7727739694003423,0.17523604160055684,2.766540919782199,0.669159283223913,2.7579342930078328
18106,18106_phase3_R71NoCue_1901291516.log,belief,480.4473176124575,973.9795791459286,0.5004301746387784,0.999999,0.15603416814677423,,
18106,18106_phase3_R71NoCue_1901291516.log,belief_ck,309.3723917140838,644.9146712701948,0.6403236391603117,0.11458226414946361,0.5799796309714761,0.47298755766311823,2.0786080750792517
18106,18106_phase3_R71NoCue_1903111043.log,belief,274.8839124535824,561.9907595861702,0.5436233206514708,0.0019806291313548855,1.5881413871041263,,
18106,18106_phase3_R71NoCue_1903111043.log,belief_ck,144.75307768507489,313.9520247281605,0.7254520791992114,0.1106179608029142,1.7254212340811463,0.5674513756091223,2.4393243277422734
18106,18106_phase3_R71NoCue_1903121213.log,belief,322.5611323280748,657.8723142958057,0.5772338021406185,7.453224910989441e-05,2.0697548805106036,,
18106,18106_phase3_R71NoCue_1903121213.log,belief_ck,131.13775845732883,287.77561619397005,0.7997921989372512,0.01825262706084562,1.8711301383389423,0.47766183179906235,3.100413840711427
18106,18106_phase3_R71NoCue_1903131125.log,belief,121.31926537711986,253.54060766137113,0.5941143068306304,0.0009182631580415117,2.4236622806250883,,
18106,18106_phase3_R71NoCue_1903131125.log,belief_ck,57.078402028908314,135.96095787207943,0.782726702769923,0.28772917070104087,6.656344799528743,0.5358057172022336,2.9538326927877
18106,18106_phase3_R71NoCue_1903141144.log,belief,407.2574131296718,827.7682617578416,0.5830899640777992,0.0023401492445266894,2.3026115021839924,,
18106,18106_phase3_R71NoCue_1903141144.log,belief_ck,128.39554715349345,283.297965303983,0.8436139220641501,0.12384948519451691,4.195652434272999,0.779839487412313,3.3112389532844078
18106,18106_phase3_R71NoCue_1903151114.log,belief,369.5213273417245,752.2451149209068,0.6052782430276543,0.014461538902364894,2.825951169837518,,
18106,18106_phase3_R71NoCue_1903151114.log,belief_ck,234.8782852126081,496.1614909001317,0.7267824389447253,0.08958096839095268,2.569237392654636,0.6186308819525086,2.1148400448860665
18106,18106_phase3_R71NoCue_1903181037.log,belief,226.66879163425162,465.51113272232783,0.5974071859150154,0.0038203213438611013,2.523979720161458,,
18106,18106_phase3_R71NoCue_1903181037.log,belief_ck,94.47659318867849,213.30028528500623,0.8067676826014325,0.16481871606666512,4.125365885597817,0.5843071216521919,3.0178430203468682
18106,18106_phase3_R71NoCue_1903191123.log,belief,343.8012847052562,700.0157212639623,0.4999997145691104,0.9998931448066306,0.001,,
18106,18106_phase3_R71NoCue_1903191123.log,belief_ck,155.74082978536558,336.30796327763085,0.730523697331834,0.2087407917930257,1.798511765742402,0.44921352147632954,2.760410100621146
18106,18106_phase3_R71NoCue_1903201149.log,belief,413.6714496225189,840.1893931721048,0.510918822704772,0.012963107027637276,0.8447780543170731,,
18106,18106_phase3_R71NoCue_1903201149.log,belief_ck,151.13186450204142,327.9567168582169,0.7824353843562695,0.3510717725423402,14.166572097516605,0.6424245991558242,3.414214911058068
18106,18106_phase3_R71NoCue_1903221223.log,belief,223.5102628095831,459.55112804464164,0.6538191766807386,0.028070929479344257,3.6824649347568847,,
18106,18106_phase3_R71NoCue_1903221223.log,belief_ck,113.72939160495864,252.51998806086812,0.8055616255009014,0.25729903242118163,7.334908555468854,0.854228311069872,2.590679417089905
18106,18106_phase3_R71NoCue_1903251210.log,belief,370.55181887320754,753.6719060685567,0.5009104079749948,0.50206685171985,82.84222370154232,,
18106,18106_phase3_R71NoCue_1903251210.log,belief_ck,143.17810022293907,311.4927370901613,0.7655786534800507,0.23702353743891352,2.9571831176947474,0.4920685077702174,3.0920191578758938
18106,18106_phase3_R71NoCue_1904160925.log,belief,196.5886060247009,405.39125782488634,0.6454312770572518,0.007260115703620132,3.366564798872491,,
18106,18106_phase3_R71NoCue_1904160925.log,belief_ck,135.83554034194523,296.0991722348595,0.7389470266512836,0.03790647311093455,2.7360475812633918,0.5455619379522253,2.070767208432668
18106,18106_phase3_R71NoCue_1904171124.log,belief,89.1716508400578,188.53080208172912,0.5786454472639454,1.6732008216545894e-06,2.203227812586556,,
18106,18106_phase3_R71NoCue_1904171124.log,belief_ck,36.048088487506305,92.47117777823966,0.8015932918787656,0.0496890827126331,3.1761725631710296,0.3898818932283277,3.2085614471343056
18106,18106_phase3_R71NoCue_1904171631.log,belief,144.06758588326898,298.8102479259406,0.5002573442639312,0.5011486399854278,77.69509136579647,,
18106,18106_phase3_R71NoCue_1904171631.log,belief_ck,27.79516982267073,76.94049196414673,0.8749131767253079,0.4601572159789269,100.0,0.5521962259387876,5.603061947000001
18106,18106_phase3_R71NoCue_1904191950.log,belief,37.48390164109162,83.6292699627559,0.6106634852827103,0.023550697718475944,3.308075734904839,,
18106,18106_phase3_R71NoCue_1904191950.log,belief_ck,34.01885435760922,85.36064207636377,0.6391497479593784,0.19151767094867264,4.617030756785124,0.3875327123356504,1.4710426632627505
18107,18107_phase3_R71NoCue_1812031354.log,belief,392.91296793080716,798.5066544690699,0.5000894995847771,0.5089475898211652,6.318688285031102,,
18107,18107_phase3_R71NoCue_1812031354.log,belief_ck,238.1696485544715,501.700734323854,0.6570124635908646,0.05992141780470916,1.171252216778047,0.30223108346054667,2.498756519303792
18107,18107_phase3_R71NoCue_1812041625.log,belief,347.964199898849,708.3656000370815,0.4999957019529788,0.999999,0.001,,
18107,18107_phase3_R71NoCue_1812041625.log,belief_ck,213.65726589776432,452.18893227429555,0.6533697458978104,0.10095393926753243,0.9298919541869974,0.35468841518127575,2.309582046922407
18107,18107_phase3_R71NoCue_1812051622.log,belief,28.436808115777765,64.61601825337131,0.5529799679642463,0.5151336564718971,100.0,,
18107,18107_phase3_R71NoCue_1812051622.log,belief_ck,17.641128238354398,50.76706052034036,0.6924470506731725,0.4864315633736903,100.0,0.2378015337504215,3.5955433194621267
18107,18107_phase3_R71NoCue_1812051644.log,belief,52.03694029367626,113.16047015189253,0.5748854524221013,0.5177780128263008,100.0,,
18107,18107_phase3_R71NoCue_1812051644.log,belief_ck,13.416177110795664,45.00553335067134,0.8669922089899609,0.49642396442975667,100.0,0.1317494765014569,4.7881497645421245
18107,18107_phase3_R71NoCue_1812051700.log,belief,64.74232327270472,138.6133429283451,0.509462413310333,0.5057766324940871,100.0,,
18107,18107_phase3_R71NoCue_1812051700.log,belief_ck,26.445398622679097,71.14819001122953,0.7592130047266897,0.17475243197157678,0.6510961000675156,0.31192115419433986,3.2059116162872723
18107,18107_phase3_R71NoCue_1812061515.log,belief,240.38145440199654,493.360807297705,0.6428282655567226,2.5256528028962e-05,3.1241537340722614,,
18107,18107_phase3_R71NoCue_1812061515.log,belief_ck,105.01210549686147,235.2200079811467,0.8244515029747285,0.09081067369512837,3.589576324563636,0.579956575825127,3.2625590456602973
18107,18107_phase3_R71NoCue_1812211456.log,belief,322.76871835590475,658.0140859618886,0.5323747325880424,0.0016971093996239021,1.3743789477390207,,
18107,18107_phase3_R71NoCue_1812211456.log,belief_ck,171.45034719031804,367.8539928807941,0.7154354080261422,0.13155356222093506,2.99198337649275,0.5864898378137102,2.4734775897085632
18107,18107_phase3_R71NoCue_1812241201.log,belief,274.53387977001194,561.3302125189902,0.5505636088358641,1e-06,1.6274523231603941,,
18107,18107_phase3_R71NoCue_1812241201.log,belief_ck,97.09805620272354,218.72101836337964,0.8097070763349089,0.025237263897747615,1.3600340038397434,0.5790228110434108,3.121058083449795
18107,18107_phase3_R71NoCue_1812261314.log,belief,285.47264270087544,583.6224735581573,0.6038867330595594,0.00023285897247347773,2.5012732816395853,,
18107,18107_phase3_R71NoCue_1812261314.log,belief_ck,115.68565854246407,256.7256933977409,0.8151430800008749,0.015898206976052057,2.2766830773416435,0.6442344887006018,2.9780283909320473
18107,18107_phase3_R71NoCue_1812281622.log,belief,385.35755646711925,783.6995926042795,0.5577329108649732,1e-06,1.787246944035094,,
18107,18107_phase3_R71NoCue_1812281622.log,belief_ck,117.6365436958374,261.2420467317567,0.8367439348168185,0.08717641506167412,2.9324006991316547,0.519757396857469,3.61240277984603
18107,18107_phase3_R71NoCue_1812311350.log,belief,273.63354604303964,559.2500211802952,0.5045522558299291,0.5038278268727019,100.0,,
18107,18107_phase3_R71NoCue_1812311350.log,belief_ck,42.877591361558395,109.72104091154871,0.8983513953179981,0.06561239082463438,3.1447511798786443,0.656445510923924,4.665117466871671
18107,18107_phase3_R71NoCue_1901011512.log,belief,175.60875554358904,362.4942204258456,0.5352923725840307,0.5113184919041083,100.0,,
18107,18107_phase3_R71NoCue_1901011512.log,belief_ck,27.88311625049915,78.31965117833329,0.9055360667368181,0.05029581982383876,3.9773082018094206,0.37043082282271356,5.630950643627323
18107,18107_phase3_R71NoCue_1901011544.log,belief,196.65963558529427,405.74047132463784,0.6737481742220319,2.102171642356358e-06,3.368635645533325,,
18107,18107_phase3_R71NoCue_1901011544.log,belief_ck,57.84353292149368,140.52946615108598,0.8903401729066509,0.0001804325050046475,3.103584648172439,0.4729683804076896,3.802129435496968
18107,18107_phase3_R71NoCue_1901021742.log,belief,549.5041770033505,1112.3625209291952,0.5005385041119129,0.49751335077970676,50.932533143318736,,
18107,18107_phase3_R71NoCue_1901021742.log,belief_ck,116.85153613139619,260.4114061077809,0.8631487995265421,0.16675628904058792,6.8072005229348855,0.5175947186861949,4.653629352182269
18107,18107_phase3_R71NoCue_1901032048.log,belief,461.3655794068841,936.3842492608813,0.6062902137637326,0.0025258962672132963,2.6279255395978374,,
18107,18107_phase3_R71NoCue_1901032048.log,belief_ck,229.0776442975791,485.46146948938457,0.7800031546712355,0.06994478998397735,2.904733113256255,0.48487505697385586,2.7551796164658997
18107,18107_phase3_R71NoCue_1901041751.log,belief,245.41927324301471,503.6021785208416,0.6601679295350468,0.00020751003270346108,3.237825639696644,,
18107,18107_phase3_R71NoCue_1901041751.log,belief_ck,105.94707098256329,237.421406034751,0.8358823014138199,0.04755222044226194,4.2437770547553555,0.35289015327951007,3.6484484681512295
18107,18107_phase3_R71NoCue_1901051836.log,belief,223.88873587703154,459.3327764005084,0.49999659976981364,0.999999,0.001,,
18107,18107_phase3_R71NoCue_1901051836.log,belief_ck,27.575506576946516,78.26162244678366,0.918169664816206,0.23273361009917765,100.0,0.5283637845983988,27.01590907920462
18107,18107_phase3_R71NoCue_1901051910.log,belief,155.87348112038484,323.34514754969075,0.6235390520748306,0.0015437328504595378,2.818645963016631,,
18107,18107_phase3_R71NoCue_1901051910.log,belief_ck,43.577623472579404,110.35161756300091,0.8762941958093415,0.11151728240836585,7.786551684481163,0.45396763671279183,4.831944814465421
18107,18107_phase3_R71NoCue_1901051947.log,belief,154.32035984148612,319.4729204873811,0.5036527351448742,0.5034270760684939,100.0,,
18107,18107_phase3_R71NoCue_1901051947.log,belief_ck,26.68344658214975,75.03129477311718,0.8881691268852964,0.29826030838929596,22.933070757357545,0.5184435812611652,6.714833573920781
18107,18107_phase3_R71NoCue_1901061754.log,belief,432.3379952543147,877.6725548075823,0.5214658772360189,0.0012932441525121614,1.084089780938098,,
18107,18107_phase3_R71NoCue_1901061754.log,belief_ck,163.95199020240116,353.8971090027081,0.781206587172129,0.07579436308162601,2.6537216052998787,0.43858784753994895,3.2376449411154846
18107,18107_phase3_R71NoCue_1901071529.log,belief,109.3213566456104,229.15770403527634,0.5658750041667981,1.6214250040450616e-05,1.9113911083851456,,
18107,18107_phase3_R71NoCue_1901071529.log,belief_ck,45.907907170487476,112.84579582908609,0.7873332449262898,0.13307842703679995,2.408370641055397,0.5791838337872068,3.0493864008143188
18107,18107_phase3_R71NoCue_1901071550.log,belief,153.96614150980525,320.1728778575124,0.7129192461795454,0.006695381019937125,4.291819783146235,,
18107,18107_phase3_R71NoCue_1901071550.log,belief_ck,78.7104001449023,181.90198996560838,0.8411461184285861,0.11325561590788515,5.589509232396746,0.6507890042005003,3.0368208615724748
18107,18107_phase3_R71NoCue_1901111704.log,belief,186.63934195905458,385.52366953713795,0.6641170914269253,3.98289354981384e-05,3.2381310860685355,,
18107,18107_phase3_R71NoCue_1901111704.log,belief_ck,73.67443113534819,171.8388335087539,0.8508097508280422,0.0391825468244621,3.593921933100624,0.4509268865463886,3.7103316658305685
18107,18107_phase3_R71NoCue_1901121858.log,belief,188.615891546221,389.59595290587527,0.6772584946348724,0.0009226103888793961,3.5544469308863227,,
18107,18107_phase3_R71NoCue_1901121858.log,belief_ck,74.66363619713434,174.0556120211352,0.857045978626246,0.09101373558697086,4.817266429792246,0.6620467569807608,3.586965326859734
18107,18107_phase3_R71NoCue_1901151557.log,belief,487.7855846971607,989.2112021236696,0.5871253057591906,0.0329659013222837,2.743357664512773,,
18107,18107_phase3_R71NoCue_1901151557.log,belief_ck,199.00212510897407,425.28431567664467,0.8047277735290559,0.23272575316005104,6.907139564157236,0.9225356364767188,2.8499778410692125
18107,18107_phase3_R71NoCue_1901211331.log,belief,208.31520484470855,429.40753250050835,0.7046108686097775,0.0006616739627335015,3.991260977467629,,
18107,18107_phase3_R71NoCue_1901211331.log,belief_ck,70.58408052144877,166.72240666508006,0.8881374990014895,0.028586066722981796,7.006056725883298,0.39280485558088996,4.977608964068889
18107,18107_phase3_R71NoCue_1901231349.log,belief,358.36483587137064,730.203605658745,0.6537001186423116,0.0011142693384043408,3.2526070876824886,,
18107,18107_phase3_R71NoCue_1901231349.log,belief_ck,102.22516901471445,231.39820586143634,0.885800479931317,0.09285178443277758,7.752020890594381,0.5964203049915533,4.8834704152562365
18107,18107_phase3_R71NoCue_1903111101.log,belief,125.28418383020895,261.09374803822766,0.5224944857114352,0.0050771229744595745,1.1437390504031781,,
18107,18107_phase3_R71NoCue_1903111101.log,belief_ck,68.25882984490572,157.56842044543097,0.7021047331964337,0.24672551628177186,2.8748276051170976,0.5355348865359666,2.4322968907877196
18107,18107_phase3_R71NoCue_1903121223.log,belief,124.84644621270942,260.3291324131073,0.5422693835496081,0.00012244713592062063,1.5501013300557693,,
18107,18107_phase3_R71NoCue_1903121223.log,belief_ck,45.478076938569664,112.2286338525162,0.8001694592375077,0.03943412450846378,2.4449572176980734,0.5969102170279476,3.192825156294905
18107,18107_phase3_R71NoCue_1903131142.log,belief,122.53787615559278,255.8263091265539,0.5670515954081815,1e-06,1.9147642539454126,,
18107,18107_phase3_R71NoCue_1903131142.log,belief_ck,44.29117918246506,110.08347199566677,0.8146051550441553,0.003796960724474686,2.142393859591833,0.4045793241399139,3.50691940191542
18107,18107_phase3_R71NoCue_1903141158.log,belief,36.70477891707317,82.51731161734742,0.6795217114094582,1e-06,3.743289027095589,,
18107,18107_phase3_R71NoCue_1903141158.log,belief_ck,13.623549027030332,45.462605620462824,0.8664024294439862,7.476661972207244e-06,1.1480841652625924,0.999999,3.0445088140388985
18107,18107_phase3_R71NoCue_1903151120.log,belief,25.372083185051128,59.743785710762786,0.7543400368422765,1.3915123114026397e-06,4.484007101321408,,
18107,18107_phase3_R71NoCue_1903151120.log,belief_ck,12.401388604695105,42.802015890711274,0.8712788477293649,0.1821707552916529,19.91863263551207,0.36004033923866624,7.801797594760947
18107,18107_phase3_R71NoCue_1903181051.log,belief,368.65543982352096,750.230688555797,0.5616223832059454,0.0008683514953901614,1.8856333619281624,,
18107,18107_phase3_R71NoCue_1903181051.log,belief_ck,166.95839692450866,359.75641166652747,0.7700646964035148,0.09097189016771523,2.289697017889251,0.6124565312329745,2.653191658499396
18107,18107_phase3_R71NoCue_1903191130.log,belief,479.5340973503278,972.4273930723443,0.5474797684699132,0.015945266977634688,1.809378073618082,,
18107,18107_phase3_R71NoCue_1903191130.log,belief_ck,228.89145307998663,484.5013029033508,0.7500975031259541,0.14557547264171952,2.8096202133793655,0.7895326683491015,2.4307329493127114
18107,18107_phase3_R71NoCue_1903201745.log,belief,369.4369235553295,751.4308899589906,0.5000098722204626,0.999999,0.022197510387307055,,
18107,18107_phase3_R71NoCue_1903201745.log,belief_ck,67.13489557271504,159.38387684209346,0.881653063758291,0.08659765082302306,0.8703202265661145,0.7664948624667847,3.8184459981555388
18107,18107_phase3_R71NoCue_1903211715.log,belief,68.00800568470433,145.8116909693105,0.601985192902754,0.5213578746875694,100.0,,
18107,18107_phase3_R71NoCue_1903211715.log,belief_ck,0.6973533873774882,20.98606597455862,0.994809388266698,0.9338426351055951,100.0,0.5641906107815289,58.27931241569756
18107,18107_phase3_R71NoCue_1903211729.log,belief,276.2510970216165,564.8076594326412,0.5555657630753089,0.004222267996813547,1.8506705586154815,,
18107,18107_phase3_R71NoCue_1903211729.log,belief_ck,58.05772452786761,140.72637983455164,0.8837977134549967,0.07111029584597246,4.165388641313134,0.999999,4.011522570156902
18107,18107_phase3_R71NoCue_1903221246.log,belief,450.0567592054592,913.2636700921175,0.5338212548330006,0.5110635906431094,100.0,,
18107,18107_phase3_R71NoCue_1903221246.log,belief_ck,69.81682889036847,165.93396114313543,0.9072170600726445,0.9999604736698069,1.2700391852888149,0.488940681923931,4.327503864585323
18107,18107_phase3_R71NoCue_1903251235.log,belief,416.59532795745025,846.0979059126859,0.5188940109062166,0.5080801255719398,100.0,,
18107,18107_phase3_R71NoCue_1903251235.log,belief_ck,77.22387965759204,180.26225931075484,0.8854915106190641,0.13935700084875904,3.145347861688029,0.47657189887819634,4.538155781846494
18107,18107_phase3_R71NoCue_1904151703.log,belief,30.59217864932255,70.82492042985517,0.7813663835053817,0.0016788416717741933,4.907425315468195,,
18107,18107_phase3_R71NoCue_1904151703.log,belief_ck,12.988806034211061,45.25873833084227,0.9005510405314663,0.04777753558297926,4.915378182264886,0.4448303991601227,3.748339333763628
18107,18107_phase3_R71NoCue_1904161210.log,belief,340.16527016559485,693.0183011994424,0.5500038502690028,0.012996879719729348,1.8365937329863924,,
18107,18107_phase3_R71NoCue_1904161210.log,belief_ck,105.08404766546072,235.54361706742677,0.831368632140985,0.15240454520806623,5.308041069690587,0.5860511303627702,3.5745919569906874
18107,18107_phase3_R71NoCue_1904171156.log,belief,50.79855004466017,111.85689751916648,0.7403863485742784,0.0021868746316813376,4.850482606657562,,
18107,18107_phase3_R71NoCue_1904171156.log,belief_ck,33.11476846123699,86.74913178216627,0.8220571379034478,0.017911224913106115,4.007542978563196,0.999999,2.1282402451586093
18107,18107_phase3_R71NoCue_1904192023.log,belief,96.86647946202834,203.7408515359476,0.5219880414736122,0.5088210076419079,100.0,,
18107,18107_phase3_R71NoCue_1904192023.log,belief_ck,19.14355258550701,58.30289039479585,0.8794309585386569,0.0017008141753765897,16.565822928643435,0.1002119608828156,13.494892823265493
18107,18107_phase3_R71NoCue_1904192041.log,belief,334.09898438296676,680.639149106133,0.5146785784841494,0.5071376202756038,100.0,,
18107,18107_phase3_R71NoCue_1904192041.log,belief_ck,44.271065946191456,113.42449257278187,0.9157480125650148,0.3730574488039559,100.0,0.6817845170096744,12.553980127288094
18107,18107_phase3_R71NoCue_1904220957.log,belief,77.90145830120159,166.36932405987915,0.6733844430435919,0.00013713112367334077,3.4590510599696946,,
18107,18107_phase3_R71NoCue_1904220957.log,belief_ck,44.99056821633144,111.11395134761483,0.7958229688102848,0.0007609987594683509,2.2338424987636265,0.9881143859570254,2.0708543340329992
18107,18107_phase8_R71NoCueWithPupil_1901081518.log,belief,537.8961739429737,1089.746910569209,0.6054587650450969,0.009956617231675239,2.7226488203814823,,
18107,18107_phase8_R71NoCueWithPupil_1901081518.log,belief_ck,205.7712723426227,439.45167005176836,0.825347463237967,0.2372833514920649,8.567129701744474,0.8382924505736883,3.297668341841782
18107,18107_phase8_R71NoCueWithPupil_1901141343.log,belief,202.88039465419328,418.291391733862,0.6799716503475889,0.0007857266914736685,3.5087810193507956,,
18107,18107_phase8_R71NoCueWithPupil_1901141343.log,belief_ck,52.9655819915641,130.99236883407903,0.904208753895519,0.1725908727073925,11.753723680460718,0.999999,5.3391915128568925
18107,18107_phase8_R71NoCueWithPupil_1903111129.log,belief,194.34755040041628,400.21290434858713,0.541677888859608,1e-06,1.4983942927678957,,
18107,18107_phase8_R71NoCueWithPupil_1903111129.log,belief_ck,77.31872112489025,177.6730493452896,0.7835600023890643,0.012390083857928414,1.1868251125197071,0.6245954346584737,2.833683125225024
18107,18107_phase8_R71NoCueWithPupil_1903121248.log,belief,441.90992999909844,896.7365365648865,0.5002492558367871,0.5010312047178218,85.87549248010342,,
18107,18107_phase8_R71NoCueWithPupil_1903121248.log,belief_ck,91.51061781410156,208.85458876158228,0.8663783515802927,0.45715731185131214,27.86250184772893,0.7281620138166294,3.8100350489389236
18107,18107_phase8_R71NoCueWithPupil_1903131206.log,belief,408.8404300604111,830.4411051946217,0.5000986592831846,0.9999986038765,0.07294859941777865,,
18107,18107_phase8_R71NoCueWithPupil_1903131206.log,belief_ck,127.35062638607005,280.22174291973914,0.8058573644671224,0.48543468526200856,5.737101824326768,0.5739656482962324,3.1125144328511567
18107,18107_phase8_R71NoCueWithPupil_1903141209.log,belief,609.3668540350977,1232.7615390198166,0.5781096194803629,0.0009103960896983362,2.140808591696863,,
18107,18107_phase8_R71NoCueWithPupil_1903141209.log,belief_ck,205.54398919299345,439.143640285229,0.8312358440260539,0.12021681304457456,3.1078011556307747,0.934142702871259,3.0002474174466713
18107,18107_phase8_R71NoCueWithPupil_1903151129.log,belief,503.6878424509113,1021.1364530661947,0.5959104994922859,0.013019674677631939,2.581959819637396,,
18107,18107_phase8_R71NoCueWithPupil_1903151129.log,belief_ck,176.93239657430516,381.38632947735437,0.8337329479480782,0.25491210173968626,8.659535180753952,0.999999,3.224612356362696
18107,18107_phase8_R71NoCueWithPupil_1904151717.log,belief,124.43337610827541,259.2966237317688,0.5085110422375535,0.5052908843193736,100.0,,
18107,18107_phase8_R71NoCueWithPupil_1904151717.log,belief_ck,28.524234766489705,77.90821256341536,0.8563954672849142,0.4908056234270904,100.0,0.5973801081538753,3.812764648609732
18107,18107_phase8_R71NoCueWithPupil_1904171214.log,belief,151.61169855351875,314.77870175348284,0.6253860977159093,0.02659248094346697,3.3758519815326653,,
18107,18107_phase8_R71NoCueWithPupil_1904171214.log,belief_ck,65.08933014943638,153.28926959176337,0.8174913526841844,0.13929541908937904,5.290207416738855,0.999999,2.76163659583761
18109,18109_phase3_R71NoCue_1808171515.log,belief,344.4956358255814,701.408451703356,0.4999985039385676,0.999999,0.001,,
18109,18109_phase3_R71NoCue_1808171515.log,belief_ck,167.50855915452973,359.851478413446,0.713880744976037,0.4956138882505449,100.0,0.33866036095987734,2.7745575644320875
18109,18109_phase3_R71NoCue_1808181605.log,belief,361.8063181365146,736.1659232517126,0.5065728860995404,0.00010359147466849686,0.5851809712800153,,
18109,18109_phase3_R71NoCue_1808181605.log,belief_ck,278.0755662052101,581.2577063677868,0.5929184368395821,0.1908698574178971,1.5882420568379492,0.2485773878012895,2.0393722387064117
18109,18109_phase3_R71NoCue_1808221115.log,belief,311.77147916331506,635.7614534921588,0.5001608615249485,0.999999,0.09858340722651635,,
18109,18109_phase3_R71NoCue_1808221115.log,belief_ck,103.61888049850293,231.67475132806334,0.7943237312246839,0.26725027259353223,3.1875595989737486,0.22581180032961912,3.688809789617386
18109,18109_phase3_R71NoCue_1812041647.log,belief,609.0739594118819,1231.7054886191343,0.5001151510849895,0.999999,0.07939931570635402,,
18109,18109_phase3_R71NoCue_1812041647.log,belief_ck,413.08927152888197,853.2936826485046,0.6250312284380811,0.48052493607792945,12.442997891043413,0.1986385205704224,2.352692825790299
18109,18109_phase3_R71NoCue_1812061655.log,belief,118.69256990436321,247.7374392738741,0.5114121331804995,0.5065045694268057,100.0,,
18109,18109_phase3_R71NoCue_1812061655.log,belief_ck,52.31253930781048,125.32967754591628,0.744121411817758,0.5015823425978746,46.035560584448525,0.3071486948075963,2.947670499456871
18109,18109_phase3_R71NoCue_1812211805.log,belief,83.86266189931122,177.7861996414073,0.5780343556715228,0.5178527068034235,100.0,,
18109,18109_phase3_R71NoCue_1812211805.log,belief_ck,6.525825551322929,33.1734027882156,0.9582443656384798,0.6834735421958416,6.708045054481331,0.004401712550399746,100.0
18109,18109_phase3_R71NoCue_1812211838.log,belief,52.18273539491404,113.47322457302916,0.5773584634696667,0.5183360088587499,100.0,,
18109,18109_phase3_R71NoCue_1812211838.log,belief_ck,12.989044364724943,44.193596295852046,0.8722084959557064,1e-06,6.699286928828436,0.22601140859867783,7.485678876011617
18109,18109_phase3_R71NoCue_1812281724.log,belief,31.125081345096113,69.86348766973286,0.5007399000248037,0.9953657596977418,0.22299658395143943,,
18109,18109_phase3_R71NoCue_1812281724.log,belief_ck,7.074971799322136,29.37659355772555,0.8545146811932042,0.002782066782135765,7.668662129630298,0.002671839515179525,100.0
18109,18109_phase3_R71NoCue_1812281736.log,belief,82.71476174888811,175.36915009692822,0.5630380505946279,0.5157236899112524,100.0,,
18109,18109_phase3_R71NoCue_1812281736.log,belief_ck,27.78134629998817,75.44194579828034,0.8245429748929658,0.6049527113103249,2.115077462892934,0.33450440786168445,3.513726706577856
18109,18109_phase3_R71NoCue_1901011815.log,belief,65.97564291020755,141.7016804668174,0.6043324238035366,0.5212374783761725,100.0,,
18109,18109_phase3_R71NoCue_1901011815.log,belief_ck,3.4370950340446202,26.374979360893846,0.9741038423773009,0.9713691671869283,100.0,0.999999,57.38190918742772
18109,18109_phase3_R71NoCue_1901021750.log,belief,70.85147726873815,151.75071557916885,0.6274268804620203,0.5243228319036238,100.0,,
18109,18109_phase3_R71NoCue_1901021750.log,belief_ck,7.170727402433174,34.43697688825145,0.9539196473535154,0.7064669470018887,1.102940072948938,0.331292857245966,5.112580334208478
18109,18109_phase3_R71NoCue_1901032053.log,belief,36.247788991610435,80.84435252301215,0.5725482359442001,0.5171965782545596,100.0,,
18109,18109_phase3_R71NoCue_1901032053.log,belief_ck,0.6931471805600092,18.083843440702566,0.9893928539959357,0.999999,0.001,0.999999,47.45878841336645
18109,18109_phase3_R71NoCue_1901041729.log,belief,318.49205188561996,649.3565210190409,0.5192688886501114,0.508183988319981,100.0,,
18109,18109_phase3_R71NoCue_1901041729.log,belief_ck,129.62024083226063,283.98531616012326,0.7658964397963535,0.4764411452860542,13.364927409457453,0.34470239071565784,3.1290468940298353
18109,18109_phase3_R71NoCue_1901051737.log,belief,202.97304735677739,417.3064399315889,0.5002032435958924,0.999999,0.10509108881205395,,
18109,18109_phase3_R71NoCue_1901051737.log,belief_ck,59.27684272604782,141.27437588816392,0.8168416322935472,0.646301832243993,1.0673505714600804,0.3176769578478988,3.4151536508156233
18109,18109_phase3_R71NoCue_1901051839.log,belief,246.9860431030553,505.7275577696699,0.5006551913055498,0.4895452421189516,13.504398003979482,,
18109,18109_phase3_R71NoCue_1901051839.log,belief_ck,100.88604498757707,225.2830331022727,0.7538258064820584,0.18151057308111024,2.208184623634408,0.463035211900599,2.939357870568056
18109,18109_phase3_R71NoCue_1901061756.log,belief,395.0615537428941,802.8143802074454,0.5000283685032281,0.999999,0.04097820405565056,,
18109,18109_phase3_R71NoCue_1901061756.log,belief_ck,66.41537519245986,158.2132958282341,0.8900138967143784,0.13567993841543338,5.609919641959354,0.5371021008881984,5.204510893123934
18109,18109_phase3_R71NoCue_1901071620.log,belief,548.7291669825275,1110.807456748684,0.5001536852437024,0.4981493153805348,36.38872860188733,,
18109,18109_phase3_R71NoCue_1901071620.log,belief_ck,155.28064307326753,337.25953171379274,0.8219617498631898,0.029082587745745413,2.1207610378347472,0.45658879719802453,3.563356329667304
18109,18109_phase3_R71NoCue_1901081453.log,belief,649.7672877971604,1313.338050007634,0.520123277003393,0.00029951138808436036,1.0290602242190254,,
18109,18109_phase3_R71NoCue_1901081453.log,belief_ck,262.4529950146718,552.5129388559699,0.7679449575001013,0.2753667794469864,5.420555871978859,0.5711312308348904,3.0518466302159384
18109,18109_phase3_R71NoCue_1901111647.log,belief,185.48753198619832,383.30589968085945,0.6772737779675415,0.0004942790737791953,3.6395757070393455,,
18109,18109_phase3_R71NoCue_1901111647.log,belief_ck,82.54735454211382,189.75638050115333,0.840785410023623,0.1380537056425406,6.386814789101261,0.4763649192020051,3.746940234804039
18109,18109_phase3_R71NoCue_1901121717.log,belief,533.3548928279837,1080.2536567676466,0.5428377023529964,0.0027291924731475425,1.5767668721351635,,
18109,18109_phase3_R71NoCue_1901121717.log,belief_ck,238.6974136875133,504.482569598385,0.7607716675330003,0.25191562874727624,5.912278358061589,0.6483758809541518,2.8704135445668366
18109,18109_phase3_R71NoCue_1901161738.log,belief,214.1682185020967,439.80311955798885,0.5000230754368711,0.999999,0.03544410813650764,,
18109,18109_phase3_R71NoCue_1901161738.log,belief_ck,79.91094698382784,182.75525907524667,0.7721229508246714,0.5094805261036277,4.1987290096654775,0.6843571381367177,2.7469552102293284
18109,18109_phase3_R71NoCue_1901161822.log,belief,127.43713828680292,265.7934476018942,0.581417788798103,0.5192240427650242,100.0,,
18109,18109_phase3_R71NoCue_1901161822.log,belief_ck,40.542110029132736,102.92256211484211,0.8415417800025173,0.28012441516777353,6.461955665951041,0.2985699913550369,4.518174357690035
18109,18109_phase3_R71NoCue_1901161857.log,belief,0.0,0.0,1.0,0.3641575258574978,13.72390098400308,,
18109,18109_phase3_R71NoCue_1901161857.log,belief_ck,0.0,0.0,1.0,0.3382124113522528,3.3341164972706925,0.07071729711790684,7.175874219081773
18109,18109_phase3_R71NoCue_1901162158.log,belief,396.1965513179062,805.5376677212004,0.5745770633696795,0.007859864771196214,2.2328594682949268,,
18109,18109_phase3_R71NoCue_1901162158.log,belief_ck,207.7074753215528,441.70408081388166,0.7478895551257749,0.07494118895901625,2.2672483330111834,0.5659653932000025,2.5122956233894933
18109,18109_phase3_R71NoCue_1901211453.log,belief,587.1715892261128,1188.299605937487,0.578553520240426,0.02657634919189556,2.477470952815215,,
18109,18109_phase3_R71NoCue_1901211453.log,belief_ck,288.5240653781732,604.9609857268691,0.7642236869354841,0.3247257751793935,9.711704912838716,0.7320375340462894,2.63398432185455
18109,18109_phase3_R71NoCue_1901231459.log,belief,530.7930069239776,1074.8683781874363,0.500102969729861,0.9970104615888379,0.08880460953399867,,
18109,18109_phase3_R71NoCue_1901231459.log,belief_ck,174.7615225602115,376.08777379938533,0.7960062815489537,0.0846495933696799,1.5900024305099685,0.46589730983663674,3.2876889797750057
18109,18109_phase3_R71NoCue_1901241815.log,belief,135.42865409211967,281.75938509137075,0.5592051610472996,0.5153013707111371,100.0,,
18109,18109_phase3_R71NoCue_1901241815.log,belief_ck,39.04342359512648,99.89100100451576,0.8457188175282179,0.29916856375670614,4.361054015476221,0.3917663929176893,4.117467579872785
18109,18109_phase3_R71NoCue_1901241848.log,belief,326.20582257853556,665.0817536600672,0.5608066316196182,0.0015803931379792207,1.9084756981637874,,
18109,18109_phase3_R71NoCue_1901241848.log,belief_ck,100.36661962174351,226.07345624947925,0.8369800873065774,0.18005683462771313,5.2332923053872795,0.7679960502949008,3.4746494093857203
18109,18109_phase3_R71NoCue_1901251532.log,belief,301.3319452610489,615.355163243755,0.5893986285460933,0.016171108010238952,2.541362073993229,,
18109,18109_phase3_R71NoCue_1901251532.log,belief_ck,128.93116548816295,283.24487641964026,0.7975625401299374,0.31027454756619893,17.188090506979265,0.6918014961583958,3.7479558232209147
18109,18109_phase3_R71NoCue_1901291500.log,belief,70.53357710865308,151.00678081645816,0.6127388167251706,0.0007408187001704678,2.6897963185408456,,
18109,18109_phase3_R71NoCue_1901291500.log,belief_ck,16.653453311702773,53.18615982170955,0.8907878515908658,0.010516433942445788,5.42989062528473,0.3842082053117907,5.014743093376555
18109,18109_phase3_R71NoCue_1901301629.log,belief,49.48347253911758,107.68036273161434,0.5302516922669919,0.0011764397683585216,1.2885850920106012,,
18109,18109_phase3_R71NoCue_1901301629.log,belief_ck,18.48754759063499,54.40193048802834,0.78897563387126,0.21375817234799216,6.201128424016483,0.36391638491689215,3.729015214877605
18109,18109_phase3_R71NoCue_1903111054.log,belief,370.0461693364278,752.653130350776,0.5000884208159924,0.999999,0.07054875619507134,,
18109,18109_phase3_R71NoCue_1903111054.log,belief_ck,158.40087676026883,341.9233368763784,0.7433183537118347,0.3762030613787853,1.7195571777629841,0.32876792720604964,2.933138134343761
18109,18109_phase3_R71NoCue_1903121253.log,belief,359.04991471441036,730.5997799133397,0.5000003135287097,0.999999,0.003914298788595276,,
18109,18109_phase3_R71NoCue_1903121253.log,belief_ck,120.87341165549887,266.74672428003566,0.7918792550404372,0.05047033346066275,0.6786890199193139,0.44688390326716976,3.2164803221720044
18109,18109_phase3_R71NoCue_1903131134.log,belief,153.77231229329072,318.3589681295017,0.5017958383464237,0.5023741587487924,100.0,,
18109,18109_phase3_R71NoCue_1903131134.log,belief_ck,32.938535028186976,87.50575714221443,0.8626843316085737,0.4613670703096594,16.110168290583044,0.43954028962214664,3.847485408504713
18109,18109_phase3_R71NoCue_1903141151.log,belief,159.50928759796435,329.94623880597993,0.5087050948074207,0.5058382995603282,100.0,,
18109,18109_phase3_R71NoCue_1903141151.log,belief_ck,44.17149410283576,110.19831542577396,0.8293049423372191,0.49087843309695833,100.0,0.5405873726803241,3.5830423210539797
18109,18109_phase3_R71NoCue_1903181044.log,belief,421.39336547735087,855.6136488690364,0.5011705604246194,0.4971738740061798,68.20853588402542,,
18109,18109_phase3_R71NoCue_1903181044.log,belief_ck,119.05848507227302,263.7708059732155,0.8226883345475684,0.0006729308371025986,1.3610529667627937,0.5611083021356608,3.2283280811288977
18109,18109_phase3_R71NoCue_1903191138.log,belief,527.9862188310722,1069.3886058298506,0.5248347552371392,0.00017157028479971223,1.1472123239581933,,
18109,18109_phase3_R71NoCue_1903191138.log,belief_ck,149.36686384624286,325.566064027898,0.8332870293369579,0.3343619743854829,8.31373874538462,0.6734898217780886,3.458368565390452
18109,18109_phase3_R71NoCue_1903201153.log,belief,344.3628824101857,701.955216020779,0.6302665568881325,0.0007254177727486894,2.892284801705658,,
18109,18109_phase3_R71NoCue_1903201153.log,belief_ck,129.97740960454186,286.41372160989874,0.8401015911999102,0.08797700279872024,3.8160877409077854,0.8470103678991456,3.0823586920114376
18109,18109_phase3_R71NoCue_1903211119.log,belief,27.0305649310525,62.37889602882434,0.6555028833743071,0.002824092005642032,3.676053675342499,,
18109,18109_phase3_R71NoCue_1903211119.log,belief_ck,15.402794951899242,47.44112223723717,0.7861020415507314,0.017951415541185727,3.3235121437701385,0.5829252215997818,2.636957313023891
18109,18109_phase3_R71NoCue_1903221227.log,belief,79.91148055592156,169.63351066871996,0.5532546512167283,0.020436821450311844,2.0749430972642866,,
18109,18109_phase3_R71NoCue_1903221227.log,belief_ck,27.833868166213065,75.28883544617985,0.8136892023119586,0.0498219725589187,3.093709946661145,0.6313322329869671,3.128505211139801
18109,18109_phase3_R71NoCue_1903251218.log,belief,337.35978155821795,687.469612756092,0.5628632713734059,0.000675326866793977,1.9140624609500703,,
18109,18109_phase3_R71NoCue_1903251218.log,belief_ck,116.36839219520716,258.2368836697267,0.8201708751186847,0.2252327104579884,6.324015052830259,0.8266030088107238,3.2935780393930854
18109,18109_phase3_R71NoCue_1904161220.log,belief,120.38841938183063,252.17772591044263,0.6685548381812346,0.0039762432768661255,3.4661598543662184,,
18109,18109_phase3_R71NoCue_1904161220.log,belief_ck,88.94818557003406,200.69814543363086,0.7426832997156507,0.09141504264382438,3.221387661966679,0.49445326992123645,2.162110752234303
18109,18109_phase3_R71NoCue_1904171142.log,belief,57.54341539302879,124.27707048632675,0.55920082086758,1e-06,1.9140611813457387,,
18109,18109_phase3_R71NoCue_1904171142.log,belief_ck,34.92121256794783,88.22290453643403,0.7027602238972083,0.45852940019508803,36.20059047128237,0.5493608959303347,2.3073763937235023
18109,18109_phase3_R71NoCue_1904192017.log,belief,32.09238654709919,72.19943946466331,0.5579432985755749,0.8202990409352386,6.754750175503521,,
18109,18109_phase3_R71NoCue_1904192017.log,belief_ck,26.67057211204025,69.37047696501038,0.6157467667269769,0.9236713075373374,2.9663495298412927,0.4068764375140421,1.596892258618944
18109,18109_phase3_R71NoCue_1904192030.log,belief,13.597815455806845,33.18709545872167,0.5066723317482591,0.7562721266228056,2.2999879568394794,,
18109,18109_phase3_R71NoCue_1904192030.log,belief_ck,12.614923272198595,37.21277563861315,0.5321945486121106,0.19069844560612037,1.7349548958963217,0.002728758207634482,99.99999997082396
18109,18109_phase3_R71NoCue_1904192035.log,belief,188.21938620259158,387.7225865470594,0.5130178536788457,0.018120752136677062,0.9588181739568302,,
18109,18109_phase3_R71NoCue_1904192035.log,belief_ck,160.7244863221448,344.01660092804207,0.5655565508300494,0.10111680870504812,0.8072883547608637,0.5399096820111723,1.323536424199463
18109,18109_phase3_R71NoCue_1904221008.log,belief,251.9782502424123,516.3247982666995,0.5947924344247796,0.0004124314921272889,2.3779328798318877,,
18109,18109_phase3_R71NoCue_1904221008.log,belief_ck,138.0810152935755,300.8986261509009,0.7522375422077545,0.020950133010242563,1.8659627660405511,0.561795686596264,2.47811555238374
18109,18109_phase8_R71NoCueWithPupil_1901291519.log,belief,311.99797654411367,636.2453198700157,0.5052464645106338,0.5042098565501743,100.0,,
18109,18109_phase8_R71NoCueWithPupil_1901291519.log,belief_ck,107.76570552851811,240.03014462061304,0.7899298208494729,0.3009669346872331,5.653477002676652,0.510796854372648,3.44554703848338
18109,18109_phase8_R71NoCueWithPupil_1901301640.log,belief,202.69245592024217,417.0950556848892,0.5594614379262534,0.011880170875122248,2.0757220592274654,,
18109,18109_phase8_R71NoCueWithPupil_1901301640.log,belief_ck,104.34828890327256,232.11686549535483,0.7415651700284113,0.10334195911821874,3.3167646746735104,0.5445234000774033,2.6017698784853613
18109,18109_phase8_R71NoCueWithPupil_1903211127.log,belief,212.16136058858189,436.9316187820077,0.6785049205088517,0.0012027015726935103,3.5849559209243025,,
18109,18109_phase8_R71NoCueWithPupil_1903211127.log,belief_ck,101.0095234672454,227.23684214417872,0.8313861421309142,0.06248989279947858,3.487770500213248,0.6857337317890397,2.986085174388163
18109,18109_phase8_R71NoCueWithPupil_1903221243.log,belief,317.3913707609437,647.3843131112138,0.5585732648351646,0.03353920107392091,2.228769881954731,,
18109,18109_phase8_R71NoCueWithPupil_1903221243.log,belief_ck,167.5596212142727,360.3223856071984,0.7353204809749881,0.2031482848235237,4.112098927117583,0.5962768293724257,2.433241027907642
1811,1811_phase3_R71_NoCue_1808211154.log,belief,404.10495993627904,820.9462942452591,0.49999986820770953,0.999999,0.001,,
1811,1811_phase3_R71_NoCue_1808211154.log,belief_ck,149.32930039562856,324.1313495366591,0.7740340208331958,0.49030005786846254,90.38180567629173,0.4580080308077071,3.1809636088655333
1811,1811_phase3_R71_NoCue_1808231116.log,belief,194.70884954887524,401.8865205491872,0.6826438137939335,0.0001722919000019654,3.655915571568355,,
1811,1811_phase3_R71_NoCue_1808231116.log,belief_ck,147.29730025713746,319.53224341714844,0.7491483613820079,0.0014504732094483847,2.164403396097926,0.5709277784670994,1.9647648399034927
1811,1811_phase3_R71_NoCue_1808241059.log,belief,369.011839311821,750.7254500570715,0.5251876143474179,7.019202516028612e-06,1.1360109908072917,,
1811,1811_phase3_R71_NoCue_1808241059.log,belief_ck,190.47931697087887,406.3621768086167,0.7171827159061043,0.4905351288195246,100.0,0.5179418316262784,2.604802422814776
1811,1811_phase3_R71_NoCue_1808271239.log,belief,291.6178242858127,595.3863406338027,0.5115111971821361,0.0029407041287828907,0.7829677472922567,,
1811,1811_phase3_R71_NoCue_1808271239.log,belief_ck,125.9989761460421,276.2993364164389,0.7485233957779784,0.18710796212940167,2.9217768589227213,0.484433948585756,2.880406427244559
1811,1811_phase3_R71_NoCue_1808301136.log,belief,576.7029979104794,1166.8536607026012,0.49999726942776557,0.999999,0.001,,
1811,1811_phase3_R71_NoCue_1808301136.log,belief_ck,229.54648897719179,485.9883077176684,0.7588909237953814,0.1923942610958342,3.0067335294124033,0.44237299395867846,3.0489947832478945
1811,1811_phase3_R71_NoCue_1809011129.log,belief,341.7122007239106,696.322180236115,0.5823498692790683,0.005152882397563069,2.2964855930200323,,
1811,1811_phase3_R71_NoCue_1809011129.log,belief_ck,165.82688572524543,357.4493290270783,0.7692153475477367,0.10051619115239639,2.6595608427091317,0.5095059822526136,2.702617310763633
1811,1811_phase3_R71_NoCue_1809011134.log,belief,374.46098039509724,761.5161794300624,0.5017691803229789,0.011307442724185487,0.31801136736344326,,
1811,1811_phase3_R71_NoCue_1809011134.log,belief_ck,270.17759593615614,565.543629152048,0.6080095843541007,0.13212451623282453,0.5202879097237105,0.5067532977817911,1.7920893060334375
1811,1811_phase3_R71_NoCue_1809041003.log,belief,234.54023857185234,481.56881094503217,0.634182862817891,0.0013752162098017526,2.951117565093992,,
1811,1811_phase3_R71_NoCue_1809041003.log,belief_ck,116.89468531172238,258.76603822609974,0.7969367435945454,0.03959503050685216,2.1970061248614643,0.6947431578195141,2.59283586157281
1813,1813_phase3_R71_NoCue_1811191224.log,belief,845.4944754990454,1705.2021632735455,0.5000594645128331,0.9888899144291755,0.07437111806092762,,
1813,1813_phase3_R71_NoCue_1811191224.log,belief_ck,355.0551071614461,738.5366388738014,0.7474941675459565,0.1539674502700503,1.8745379954522137,0.4262898248190023,2.9481267545759064
1821,1821_phase3_R71_NoCue_1809251606.log,belief,425.8590468580784,864.5775326722351,0.5031487482582143,0.4534524469771544,6.844206713957909,,
1821,1821_phase3_R71_NoCue_1809251606.log,belief_ck,264.9497528321552,555.618383576467,0.6522428539527253,0.2492887033178895,2.364537468849647,0.5104927096653612,2.131754880104003
1821,1821_phase3_R71NoCue_1812071055.log,belief,115.41404150046424,241.32213114524944,0.5447423634597198,0.011953810421133578,1.68068941920695,,
1821,1821_phase3_R71NoCue_1812071055.log,belief_ck,52.658809568068726,126.3057154247794,0.7579395625474299,0.06489048692796058,0.9821002916160888,0.7724328044935228,2.4587010552435764
1821,1821_phase3_R71NoCue_1812241154.log,belief,229.4118585014137,471.00633676698277,0.5950967068778991,0.0017235779932590334,2.437346253293369,,
1821,1821_phase3_R71NoCue_1812241154.log,belief_ck,105.05180399429952,234.46884751690982,0.7884598725892503,0.029632912951825276,2.0988842269494166,0.5616337784456561,2.716292437402006
1821,1821_phase3_R71NoCue_1812251347.log,belief,138.85838570129593,288.3530113902803,0.5062734395533792,0.50467944329702,100.0,,
1821,1821_phase3_R71NoCue_1812251347.log,belief_ck,49.11765450532376,119.5077889860244,0.7860201771543616,0.4975696447349236,100.0,0.37784323021388694,3.183814812732584
1821,1821_phase3_R71NoCue_1812281420.log,belief,243.2951501825599,498.31187281205155,0.4999993022711149,0.9999989566066964,0.001,,
1821,1821_phase3_R71NoCue_1812281420.log,belief_ck,70.87824076596925,165.19962642580197,0.817150239072396,0.08806069716795925,1.7470461871031213,0.5343157432954287,3.310997411574193
1821,1821_phase3_R71NoCue_1812311511.log,belief,381.3341043503627,775.5437120001982,0.5432777569188704,0.00035485220338150306,1.5593821504401237,,
1821,1821_phase3_R71NoCue_1812311511.log,belief_ck,129.27966766340992,284.31034192576544,0.8131436707465647,0.09886037560068082,3.5527209295509943,0.5162389945075558,3.4287279632994063
1821,1821_phase3_R71NoCue_1901012020.log,belief,120.81500319129549,251.959578330438,0.5013897948341574,0.50209316717386,100.0,,
1821,1821_phase3_R71NoCue_1901012020.log,belief_ck,23.087190244890767,66.83352438547558,0.8764051443616729,0.04743125020754171,3.0562092004379298,0.4505964989560894,4.535493297758172
1821,1821_phase3_R71NoCue_1901012040.log,belief,520.4065818034791,1054.058636254858,0.5005588879061027,0.5108109078203558,11.967668648890122,,
1821,1821_phase3_R71NoCue_1901012040.log,belief_ck,148.77565338860106,324.04225207300146,0.82050115185111,0.14027602692972171,0.989734815132517,0.6421492556315377,3.2177380463775545
1821,1821_phase3_R71NoCue_1901021756.log,belief,246.1882221473899,504.1375102675812,0.5027427866713213,0.5033599326251923,100.0,,
1821,1821_phase3_R71NoCue_1901021756.log,belief_ck,46.649297459307505,116.82072686421782,0.8778273891587122,0.25533352775958723,3.237415140398428,0.570870829576259,3.9584510243164015
1821,1821_phase3_R71NoCue_1901031728.log,belief,403.5874618400309,820.1894791048319,0.5475128506665274,0.004362038983735467,1.7181043589823535,,
1821,1821_phase3_R71NoCue_1901031728.log,belief_ck,214.75395300009546,455.537016849731,0.725765522519737,0.028102056184864912,1.0651969585242098,0.6435394011700756,2.33089086761152
1821,1821_phase3_R71NoCue_1901041627.log,belief,344.732242811525,702.3367863597889,0.5755348380802435,0.003171028897968401,2.19146915346998,,
1821,1821_phase3_R71NoCue_1901041627.log,belief_ck,145.51459922587475,316.7737999252272,0.7919979519297112,0.10137532309587788,3.2528037230769495,0.6708231423201171,2.866654350831873
1821,1821_phase3_R71NoCue_1901051640.log,belief,165.72640952374792,342.4389419341769,0.5056039188533281,0.5042732638369203,100.0,,
1821,1821_phase3_R71NoCue_1901051640.log,belief_ck,80.57757460593822,183.12739498523865,0.7177779947732486,0.319860121497616,2.147576280526518,0.510855318968684,2.6615941685825555
1821,1821_phase3_R71NoCue_1901051707.log,belief,221.61063071626867,455.14842011977424,0.5656990035457461,0.011436038300926415,2.159647313337617,,
1821,1821_phase3_R71NoCue_1901051707.log,belief_ck,87.78849422062973,199.43130581573325,0.7979755165364344,0.0881959088706774,2.982055997966893,0.775692583534017,2.777948948049643
1821,1821_phase3_R71NoCue_1901061550.log,belief,333.45830521052966,679.8112221461417,0.5895120774198988,0.0016102998755609368,2.3783404980388148,,
1821,1821_phase3_R71NoCue_1901061550.log,belief_ck,178.09692503393308,381.983073518031,0.7540885157027554,0.13927840590485002,3.658017421417037,0.6680287987799625,2.479365466750945
1821,1821_phase3_R71NoCue_1901071342.log,belief,79.70505401873069,168.89997229418788,0.5000298780477188,0.5043163219468945,7.086166729820833,,
1821,1821_phase3_R71NoCue_1901071342.log,belief_ck,38.00790725736833,94.99554302818966,0.7185618167190696,0.2603860224329454,1.8190824634221445,0.823457341416312,2.3429426766983577
1821,1821_phase3_R71NoCue_1901071356.log,belief,353.0408424683496,719.1022016177454,0.5913433909642912,0.012667039598822356,2.578087626720907,,
1821,1821_phase3_R71NoCue_1901071356.log,belief_ck,205.69582496628092,437.43268329465445,0.7363166825226776,0.09501949269151565,2.6887250965120075,0.6836846377744998,2.2238789546751696
1822,1822_phase3_R71_NoCue_1808071544.log,belief,221.32519521799213,454.4935472752719,0.552465033910539,4.203948935452229e-05,1.664753831561885,,
1822,1822_phase3_R71_NoCue_1808071544.log,belief_ck,160.62495908542166,344.9362318494186,0.6500994569408958,0.053527133227948394,1.6279254007397561,0.2737421023979968,2.2221487564290334
1822,1822_phase3_R71_NoCue_1808081231.log,belief,269.58304855095173,551.0932557891404,0.5000658201247968,0.4967744386750886,14.097594841678902,,
1822,1822_phase3_R71_NoCue_1808081231.log,belief_ck,66.82941352855917,157.51314443159214,0.8421492884805872,0.037470965621703246,1.4701341700270536,0.6328804937076267,3.447027684064962
1822,1822_phase3_R71_NoCue_1808091356.log,belief,371.9736298002963,756.5192557896103,0.5002294811002111,0.999999,0.116750970868606,,
1822,1822_phase3_R71_NoCue_1808091356.log,belief_ck,111.90299382015901,248.94998001835347,0.811894020996765,0.012631829121875039,0.9703157808626511,0.6847111360615943,3.104275319239706
1822,1822_phase3_R71_NoCue_1808111854.log,belief,240.1078280302497,492.56322826830325,0.6063944229189349,0.04110803687487509,3.1322467076247498,,
1822,1822_phase3_R71_NoCue_1808111854.log,belief_ck,172.0304797876288,368.7561039908653,0.6987957148536806,0.15466164095201343,2.990053881516857,0.6511075378761478,1.8239275542249695
1822,1822_phase3_R71_NoCue_1808131155.log,belief,403.8554505290874,820.4507030238312,0.5008075889281739,0.48780780190914297,13.003171849782523,,
1822,1822_phase3_R71_NoCue_1808131155.log,belief_ck,194.85841313328245,415.1964301978778,0.7162960883233264,0.15361792700914004,1.541821140335844,0.43955866498990415,2.6425618236830397
1822,1822_phase3_R71_NoCue_1808141553.log,belief,482.73767647063625,978.5689237627936,0.5002769119314342,0.5019774541627053,47.3607167784184,,
1822,1822_phase3_R71_NoCue_1808141553.log,belief_ck,187.49447458617735,401.1760908153968,0.76414163901421,0.06053880122129336,0.6418269179876515,0.5506743585073851,2.864218061317993
1822,1822_phase3_R71_NoCue_1808151513.log,belief,356.3510939413752,725.3147384566464,0.5219018587301434,0.00048533907553928023,1.0946411992909912,,
1822,1822_phase3_R71_NoCue_1808151513.log,belief_ck,206.28478031124592,437.79466177028394,0.686305729398798,0.20197991729824755,2.4851526231390832,0.4697686410159979,2.3685884938518615
1822,1822_phase3_R71_NoCue_1808161409.log,belief,380.2965002178938,773.3935153264052,0.5316755941012364,0.0011398794966345897,1.318396784770656,,
1822,1822_phase3_R71_NoCue_1808161409.log,belief_ck,159.3791601470015,344.3593500752383,0.7673982086672921,0.029152872500154126,1.2013968361202922,0.6154154841676373,2.7166140067785967
1822,1822_phase3_R71_NoCue_1808171106.log,belief,393.9188858365158,800.6216058998168,0.5169388812526986,0.01502250466889666,1.0596899437830736,,
1822,1822_phase3_R71_NoCue_1808171106.log,belief_ck,284.52320112075796,594.6140706950863,0.6208981149672914,0.1850831011111013,1.6896072058132772,0.5250727671129071,1.8227785151648768
1822,1822_phase3_R71_NoCue_1808181243.log,belief,523.474134514502,1060.586117159555,0.5643374565180053,0.0009046718215687888,1.9377014397113594,,
1822,1822_phase3_R71_NoCue_1808181243.log,belief_ck,331.9323692081929,691.1404346774879,0.6957480950079112,0.10792820397748769,2.0523705452363674,0.6112529459154871,2.1498363251365613
1822,1822_phase3_R71_NoCue_1808191310.log,belief,342.04772264905284,696.8041853797004,0.5516366983170252,0.005121793775517291,1.8194182433376587,,
1822,1822_phase3_R71_NoCue_1808191310.log,belief_ck,195.5738360364136,416.5651522360166,0.7116789298489538,0.043214045181128806,1.4450727473549263,0.7214708202712906,2.1324416580983354
1822,1822_phase3_R71_NoCue_1808201241.log,belief,370.3678632914212,753.4514111158586,0.5262992149194281,0.00044515355323595607,1.217201693152804,,
1822,1822_phase3_R71_NoCue_1808201241.log,belief_ck,201.12424168872676,427.6798524434859,0.7056973074527142,0.04990496007720335,1.145197798399637,0.5020092913339781,2.4408579517530993
1822,1822_phase3_R71_NoCue_1808211207.log,belief,707.1756112399969,1428.3736504546946,0.528522647383165,0.00023872395763518714,1.2395979814135845,,
1822,1822_phase3_R71_NoCue_1808211207.log,belief_ck,420.4996951136594,869.0442461767203,0.6844291479018872,0.05156280736246798,1.0749451581528875,0.572587876110674,2.2178294249265385
1822,1822_phase3_R71_NoCue_1808221429.log,belief,452.4820220728805,918.0719109538127,0.524892769930107,0.0177642250602158,1.2861377779794803,,
1822,1822_phase3_R71_NoCue_1808221429.log,belief_ck,322.9385050609567,672.0927437380166,0.6312670047827499,0.058117456327866725,0.9654852482572333,0.5752189388992414,1.7729001905529471
1822,1822_phase3_R71_NoCue_1808231357.log,belief,634.900721142706,1283.5038121403993,0.5107614564136994,0.0010321724490624951,0.7579204115430253,,
1822,1822_phase3_R71_NoCue_1808231357.log,belief_ck,378.56575320814136,784.5362461262577,0.6699188585026917,0.11894031305750827,1.2355540259657651,0.49238479164453536,2.2206363556552895
1822,1822_phase3_R71_NoCue_1808241157.log,belief,437.89969910902835,888.725457131898,0.5050232270306627,0.08843861618931756,0.7726198408846776,,
1822,1822_phase3_R71_NoCue_1808241157.log,belief_ck,243.1654638261515,512.1830454799857,0.6843038069925054,0.30974297643473453,3.089755640683257,0.4583157556910757,2.377381631061006
1822,1822_phase3_R71_NoCue_1808271446.log,belief,453.22408414722054,919.609446569011,0.5333353744255875,0.0262021911176554,1.5727374269132104,,
1822,1822_phase3_R71_NoCue_1808271446.log,belief_ck,322.37188002949097,671.0663166081217,0.6394686221297422,0.1507019750132299,1.5190631405956838,0.5117581049175379,1.8558538732337617
1822,1822_phase3_R71_NoCue_1808281237.log,belief,722.4769259529722,1459.0610233603318,0.5355613301701262,0.0032474694006263244,1.4671578629792854,,
1822,1822_phase3_R71_NoCue_1808281237.log,belief_ck,427.9030721467796,884.0204872023339,0.6908459364423741,0.11038988946172845,1.7000997304682361,0.5365220868330829,2.2289870822844557
1822,1822_phase3_R71_NoCue_1808311151.log,belief,331.8106921495209,676.0784063062241,0.5197231781457509,0.013770134657373641,1.1430353676449634,,
1822,1822_phase3_R71_NoCue_1808311151.log,belief_ck,190.70745544034222,406.32895489504915,0.6865001554755211,0.19390706723848342,1.9013363946195139,0.5674750105095071,2.2300683786210795
1822,1822_phase3_R71_NoCue_1809041138.log,belief,450.9776066617282,915.3018092589917,0.5654485105509955,0.0015142098626105365,1.9832879679126068,,
1822,1822_phase3_R71_NoCue_1809041138.log,belief_ck,345.8106926988361,718.3145772687428,0.6458540951932841,0.09921925453070461,1.8967851602704713,0.5859430020655713,1.7175651296251253
1822,1822_phase3_R71_NoCue_1809251617.log,belief,336.9838674147914,686.4049350689663,0.5110526788264154,2.2350685765836513e-05,0.7638059307586823,,
1822,1822_phase3_R71_NoCue_1809251617.log,belief_ck,207.48059192655862,439.83558433188415,0.6614585539457665,0.1445177241262208,2.0986058181385268,0.34487780547244806,2.4310741339298447
1822,1822_phase3_R71_NoCue_1812061532.log,belief,278.13730950852187,568.3069333364405,0.5074365087884738,0.1577251617264577,1.2083605768859655,,
1822,1822_phase3_R71_NoCue_1812061532.log,belief_ck,129.34711275360797,282.75885414600936,0.7294381032420615,0.27566459188896136,3.062658230223816,0.5317969242052675,2.6104838890897293
1822,1822_phase3_R71_NoCue_1812071357.log,belief,142.50453490340823,295.85896984177924,0.5337790543652646,5.8521312091408276e-05,1.3403251871803252,,
1822,1822_phase3_R71_NoCue_1812071357.log,belief_ck,58.720026998330106,139.13985406658583,0.7720711785352888,0.00568309882116496,1.029637520764614,0.41307371613323235,2.9662290396555306
1822,1822_phase3_R71NoCue_1812061545.log,belief,11.4016634603328,28.79479146777358,0.5654784041988415,0.5290169538126243,100.0,,
1822,1822_phase3_R71NoCue_1812061545.log,belief_ck,11.401663467291574,34.78625602879911,0.5654784040020897,0.5290169545520267,100.0,1e-06,0.001
1822,1822_phase3_R71NoCue_1812241203.log,belief,20.418321415149027,47.63903759362236,0.5063076888152263,0.49147385238601626,100.0,,
1822,1822_phase3_R71NoCue_1812241203.log,belief_ck,8.671726048472522,30.948241623593667,0.7489691122632609,1e-06,1.926307373892793,0.41127417138265415,3.43912933597208
1822,1822_phase3_R71NoCue_1812251354.log,belief,0.693158860174863,8.120909380322674,0.9763813614850974,1e-06,26.212192074664934,,
1822,1822_phase3_R71NoCue_1812251354.log,belief_ck,0.6931472171006015,14.855477754147099,0.9763817534879587,1e-06,12.293584795810109,0.999999,13.267028471231551
1822,1822_phase3_R71NoCue_1812251415.log,belief,36.459413561920556,81.20509657662417,0.5606150187100636,1.6078396121802522e-05,1.777986452605622,,
1822,1822_phase3_R71NoCue_1812251415.log,belief_ck,32.8437480177446,82.26003494105534,0.5937307568851973,0.061450299527867146,3.613333204008513,0.034559576078193814,5.6736751833334536
1822,1822_phase3_R71NoCue_1812281127.log,belief,52.31768697995088,113.34879161328094,0.5113302699736598,0.5067425526505596,100.0,,
1822,1822_phase3_R71NoCue_1812281127.log,belief_ck,23.51633775282208,64.45951081240253,0.7397141067584867,0.47853553061416787,14.777352039544526,0.528753273094532,2.8017963295866855
1822,1822_phase3_R71NoCue_1812311600.log,belief,15.170756572957233,37.76865727932308,0.6907215846350733,1e-06,3.6171840426502833,,
1822,1822_phase3_R71NoCue_1812311600.log,belief_ck,11.649349956276316,38.15298817936986,0.7526684250502377,0.0004367126131426522,3.5575427947789175,0.1274217362404923,3.0076492325865054
1822,1822_phase3_R71NoCue_1901011723.log,belief,0.6931581126505839,8.050725245651575,0.975548261167427,1e-06,26.320053665020993,,
1822,1822_phase3_R71NoCue_1901011723.log,belief_ck,0.693149452398697,14.71511694549821,0.9755485628993904,0.3443903518195298,12.226498227865154,0.999999,16.107203133976345
1822,1822_phase3_R71NoCue_1901011741.log,belief,54.97334591362127,118.7107450965903,0.5029991373366921,0.9999381595301385,0.4149353903550789,,
1822,1822_phase3_R71NoCue_1901011741.log,belief_ck,19.17578403770772,55.87967461411097,0.7868660089911378,1e-06,2.3568167860955493,0.14802365684017074,3.664879791936643
1822,1822_phase3_R71NoCue_1901031349.log,belief,16.673669534720037,40.01174808979048,0.5512933600272798,7.455226164782312e-05,2.2996606193167985,,
1822,1822_phase3_R71NoCue_1901031349.log,belief_ck,4.207893182653446,21.744604406007706,0.8604653775755685,0.006282228484125458,17.11757205662244,0.999999,9.15383042820676
1822,1822_phase3_R71NoCue_1901041632.log,belief,10.143023388972692,27.39674290092421,0.7484127351266108,0.029556077967023787,6.3153892828227844,,
1822,1822_phase3_R71NoCue_1901041632.log,belief_ck,9.954953612783187,34.13129947152403,0.752445096803384,0.07521639067287449,5.570201265773078,0.5344191592775732,1.3437742296283712
1822,1822_phase3_R71NoCue_1901051645.log,belief,23.763143861359453,55.81255717550197,0.6857838696588001,2.094669214574849e-05,3.619494205969258,,
1822,1822_phase3_R71NoCue_1901051645.log,belief_ck,13.257085625630017,43.086710156826165,0.8102358259304657,0.038947870287687245,2.848902018891038,0.999999,2.9809735140507914
1822,1822_phase3_R71NoCue_1901051711.log,belief,24.860281843992514,56.887601564897246,0.5012935684411284,0.49793085199926523,100.0,,
1822,1822_phase3_R71NoCue_1901051711.log,belief_ck,12.238448096762893,38.810971947350225,0.711801006720306,0.4887848800679969,100.0,0.9007068312048411,2.4147174662807602
1822,1822_phase3_R71NoCue_1901061558.log,belief,21.44051756926397,50.744686403976594,0.6567825395746769,0.026299038141142497,3.9298812873501916,,
1822,1822_phase3_R71NoCue_1901061558.log,belief_ck,13.200179800154364,42.12766213120603,0.7719565175930376,0.037052062533155704,2.071324597357421,0.8577571540860881,2.1019151393395683
1822,1822_phase3_R71NoCue_1901061744.log,belief,17.423799965165305,42.06943575561906,0.6244315815575098,0.07363304619515239,3.9047945285570793,,
1822,1822_phase3_R71NoCue_1901061744.log,belief_ck,8.100828503169456,30.645328656915808,0.8033688657686218,0.9813032928832895,2.022512939560371,0.999999,3.33366487923202
1822,1822_phase3_R71NoCue_1901071526.log,belief,17.8011065077734,42.26662203589721,0.5295361714289386,0.48951525337725055,100.0,,
1822,1822_phase3_R71NoCue_1901071526.log,belief_ck,11.984192120942593,37.297202282586,0.6518069424346681,0.4837027871290973,14.153571803193344,0.999999,1.687027910036873
1822,1822_phase3_R71NoCue_1901071629.log,belief,95.15030860442776,200.90722702497368,0.6228904490226391,0.02533024211155315,3.332777260960906,,
1822,1822_phase3_R71NoCue_1901071629.log,belief_ck,51.51547761931845,124.24417487087321,0.7739129274511265,0.0483774834783812,2.1668897092663784,0.9605786985273046,2.1414750757866847
1822,1822_phase3_R71NoCue_1901081246.log,belief,71.01747195914642,151.32372571657558,0.5051699825172411,0.9975108292547514,0.6205446764235708,,
1822,1822_phase3_R71NoCue_1901081246.log,belief_ck,23.925722520351346,66.42900863726818,0.794489885103121,0.0048099828721179004,1.1472926386373083,0.650417907703315,3.0743713593308093
1822,1822_phase3_R71NoCue_1901081316.log,belief,49.63873857766201,107.83080939335613,0.5018635923058155,0.9981264931130973,0.3382156311061665,,
1822,1822_phase3_R71NoCue_1901081316.log,belief_ck,23.819866010222444,64.7463964965091,0.7183262166593756,0.9982479871500636,1.677806275330436,0.6682387423026844,2.6537045004555644
1822,1822_phase3_R71NoCue_1901121904.log,belief,228.14416172769887,468.4112372932538,0.5875437469797242,0.01895659866651202,2.5533579275216596,,
1822,1822_phase3_R71NoCue_1901121904.log,belief_ck,124.20156956842803,272.6489668125681,0.7486272011249517,0.11418172127212031,3.0180592502732213,0.6362210879375322,2.360547112875547
19101,19101_phase8_R71NoCueWithPupil_1902121033.log,belief,143.8885447702325,298.4617580443946,0.5023481183883715,0.2991042162689373,1.2230674582784629,,
19101,19101_phase8_R71NoCueWithPupil_1902121033.log,belief_ck,61.81935681222904,145.00805063231732,0.7439463207877602,0.2559068742300703,1.7312075698567186,0.6109089350670162,2.6501186169220965
19102,19102_phase3_R71NoCue_1901271916.log,belief,334.4707143999878,681.3014621072807,0.5003307240408101,0.999999,0.13472543762079475,,
19102,19102_phase3_R71NoCue_1901271916.log,belief_ck,239.06394848354554,502.8479635817014,0.60959747597465,0.999999,0.22993691630097474,0.2470290096416054,2.1337992579715808
19102,19102_phase3_R71NoCue_1901281254.log,belief,112.09472229115691,234.94000139768215,0.595140928033434,0.008351110508631979,2.5264778765675904,,
19102,19102_phase3_R71NoCue_1901281254.log,belief_ck,94.16625625318734,209.83362613711134,0.6466468954794922,0.04941010398832026,1.8866514996706436,0.48361469568270327,1.5442709250670894
19102,19102_phase3_R71NoCue_1901290901.log,belief,151.68255137074996,314.3012230237702,0.5272867476243733,6.0793403837241146e-05,1.2120378595771355,,
19102,19102_phase3_R71NoCue_1901290901.log,belief_ck,105.25790052645132,232.38804161744318,0.641384497013289,0.08957645490764853,0.8783482674895319,0.5931674717759031,1.9037582339976815
19102,19102_phase3_R71NoCue_1901300953.log,belief,193.51827372457726,398.39689266718864,0.5166074775011202,0.01998877814302629,1.020511317342934,,
19102,19102_phase3_R71NoCue_1901300953.log,belief_ck,120.44338100080205,263.60745243767235,0.6629408160128832,0.06751305722634601,0.7301725061458638,0.4959112650100246,2.115611250023142
19102,19102_phase3_R71NoCue_1901311221.log,belief,196.503496297247,404.3119709550313,0.5018339695621985,0.06256333774055581,0.41616936398158094,,
19102,19102_phase3_R71NoCue_1901311221.log,belief_ck,125.92864535468435,274.4672474304433,0.6428429077775533,0.11826362183910834,0.7770108936590603,0.48316139965652716,2.0770491909727635
19102,19102_phase3_R71NoCue_1902041216.log,belief,103.70282270602263,217.42691600023778,0.5008983206078768,0.48772544823072456,13.239612099944786,,
19102,19102_phase3_R71NoCue_1902041216.log,belief_ck,66.48127398494458,153.00508914627417,0.6419733460353269,0.2926751311784812,2.8436012400248134,0.39130720278357417,2.2602673222237435
19102,19102_phase3_R71NoCue_1902041250.log,belief,112.85799160375146,236.4849733330811,0.5958911819595002,0.050690100097218554,3.2450385808128015,,
19102,19102_phase3_R71NoCue_1902041250.log,belief_ck,80.14538155697754,181.82874336511145,0.6923668284228698,0.2168705328349719,4.218989808591273,0.6092243719432141,1.9103494397954233
19102,19102_phase3_R71NoCue_1902061214.log,belief,293.79997539395356,599.7368019643953,0.5065701144099032,0.00060203351843694,0.5762772473164026,,
19102,19102_phase3_R71NoCue_1902061214.log,belief_ck,139.93573813663897,304.1451786262544,0.7233042568978728,0.12395876728908095,1.4215244892462893,0.47106016507159343,2.6719809665326233
19102,19102_phase3_R71NoCue_1902071127.log,belief,265.47538370697106,542.8468373923034,0.4999999823074259,0.999999,0.001,,
19102,19102_phase3_R71NoCue_1902071127.log,belief_ck,149.07936499431213,321.9508699453468,0.6775708460600147,0.7290060979920547,0.7468409854768432,0.32469074298495726,2.5143872286434608
19102,19102_phase3_R71NoCue_1902111015.log,belief,74.67117517318256,159.45484195706175,0.6215042183277684,0.0021373060084420464,2.854604298193546,,
19102,19102_phase3_R71NoCue_1902111015.log,belief_ck,41.49357060702387,103.21212443544097,0.7677506610466553,0.48027358187482855,100.0,0.46248830975494887,2.954385937535768
19102,19102_phase3_R71NoCue_1902120941.log,belief,262.77173574488603,537.6287371571368,0.5357107588869627,0.022487813274980235,1.575387489842649,,
19102,19102_phase3_R71NoCue_1902120941.log,belief_ck,179.25923132112325,382.688993976976,0.6532509641692424,0.1573956868358816,2.0942072895195034,0.4215630997322776,2.064884650644348
19102,19102_phase3_R71NoCue_1902131203.log,belief,80.22314526587209,169.95347091395692,0.5007847862763257,0.4715843300174954,5.271416840993269,,
19102,19102_phase3_R71NoCue_1902131203.log,belief_ck,28.266037666056874,75.54643609653921,0.7837440815612736,0.0007032322327415226,1.448233895742533,0.5575940144650305,2.78427661224602
19102,19102_phase3_R71NoCue_1902181323.log,belief,31.304188242539976,70.72926250617279,0.5829071408243782,3.9822891902566545e-05,2.1520808754196894,,
19102,19102_phase3_R71NoCue_1902181323.log,belief_ck,26.013282220180518,68.26833648254672,0.6385822042772039,0.0806876228005649,4.077856714175182,0.02692276249228258,4.4439194852396335
19102,19102_phase3_R71NoCue_1902181335.log,belief,17.286956326246898,41.505384458093246,0.582621585299658,0.030228479189078145,3.5202407325876415,,
19102,19102_phase3_R71NoCue_1902181335.log,belief_ck,12.94007274095462,39.743089093108146,0.6673922845735922,0.3694041124750984,38.58905650044186,0.6736073739686802,4.112317929000981
19102,19102_phase3_R71NoCue_1902191601.log,belief,43.54523055674394,95.90389960801639,0.5879934932574296,0.08806468324696752,3.430918538942454,,
19102,19102_phase3_R71NoCue_1902191601.log,belief_ck,34.02297685436229,85.67283069778159,0.6603968400290218,0.0939419921502843,5.342459868589073,0.010114265627657472,13.895863195635926
19102,19102_phase3_R71NoCue_1902221322.log,belief,18.74407077969899,45.9851320434967,0.7650818635457405,0.0011057974130341897,4.6519012488458396,,
19102,19102_phase3_R71NoCue_1902221322.log,belief_ck,17.99590060167131,52.98578217154005,0.7733030259733293,0.06944281768840584,3.9674456920914403,0.8235975501265083,1.8420475371422198
19102,19102_phase3_R71NoCue_1902251214.log,belief,260.7199841078381,533.3044585905723,0.5007917441863025,0.4750493642750467,6.0562116268215505,,
19102,19102_phase3_R71NoCue_1902251214.log,belief_ck,108.90769763077775,241.54437601134754,0.7491022161885877,0.21636235404213675,4.003177601729637,0.3212161390185943,3.309357289176581
19102,19102_phase3_R71NoCue_1903111520.log,belief,261.6633958868575,535.334565907928,0.5240949236937231,0.5093341207264614,100.0,,
19102,19102_phase3_R71NoCue_1903111520.log,belief_ck,54.858216653264655,133.73198157495546,0.8733207435353902,0.4932171074571411,27.112703056086747,0.52465310679882,3.8081436316727446
19102,19102_phase3_R71NoCue_1903131459.log,belief,293.33163945189705,599.1862622724361,0.5713271992068788,0.00024367060878256635,1.9972553111944917,,
19102,19102_phase3_R71NoCue_1903131459.log,belief_ck,105.65432497991773,236.35461669711964,0.8173969892507127,0.08923502241397437,2.499162403372831,0.5959177867467931,3.1416912172378924
19102,19102_phase3_R71NoCue_1903151615.log,belief,392.5609262626009,798.0819416490551,0.5476672906752816,1.2739849657362808e-05,1.5869111712127686,,
19102,19102_phase3_R71NoCue_1903151615.log,belief_ck,101.97448022092972,229.86913868956606,0.8552148312168141,0.04027908661886406,2.937812831647616,0.5816092533603062,3.972820613025688
19102,19102_phase3_R71NoCue_1903181245.log,belief,233.24892340386526,478.18493564179323,0.508604877518182,0.5054255003350476,100.0,,
19102,19102_phase3_R71NoCue_1903181245.log,belief_ck,81.91497473632204,187.20412714076951,0.788648380641389,0.13394473171025878,1.2449169522070171,0.5810095548225155,3.1267119483979062
19102,19102_phase3_R71NoCue_1903191339.log,belief,351.49681072825626,715.9071607676568,0.5759120443003898,0.003407191908408949,2.233670939709148,,
19102,19102_phase3_R71NoCue_1903191339.log,belief_ck,122.52392146049137,270.8749215432714,0.8250219840898412,0.14306454031260782,5.564831098790576,0.5941215773623963,3.524362675552115
19102,19102_phase3_R71NoCue_1903201748.log,belief,223.4967275031918,458.89994167495917,0.5596123424851476,2.0051352704788195e-05,1.8230798221386753,,
19102,19102_phase3_R71NoCue_1903201748.log,belief_ck,71.59574350043543,167.004460338022,0.8303043404736353,0.07288451330426979,2.544539980657546,0.9082745460524568,3.056696498523611
19102,19102_phase3_R71NoCue_1903211816.log,belief,180.92247708279757,373.1358479608816,0.527660581970257,1e-06,1.2112396484741323,,
19102,19102_phase3_R71NoCue_1903211816.log,belief_ck,51.50377931445136,125.58934621947566,0.8336078816656046,0.09972318139828527,3.7282355842024306,0.697450088382717,3.4780779882398742
19102,19102_phase3_R71NoCue_1903221446.log,belief,442.27190673554327,897.5523898181598,0.5157754963770692,0.5073180566287896,100.0,,
19102,19102_phase3_R71NoCue_1903221446.log,belief_ck,93.83720786196301,213.6915684180726,0.8689455081506231,0.5036572563628166,10.35944881800544,0.7070652118767737,3.5586069747669162
19102,19102_phase3_R71NoCue_1906101239.log,belief,191.26369664303246,393.76819501749924,0.5000813928405837,0.4963426525086419,14.877549558175591,,
19102,19102_phase3_R71NoCue_1906101239.log,belief_ck,75.34839869822564,173.17840085931988,0.7610916881864531,0.1641997565284721,1.327317396298894,0.5721710929838156,2.821718527722572
19102,19102_phase3_R71NoCue_1906131141.log,belief,204.38376809318996,420.14148689905954,0.5001604497589477,0.999999,0.09461652282384514,,
19102,19102_phase3_R71NoCue_1906131141.log,belief_ck,67.09892428548291,156.9457499963251,0.7965590778019549,0.5100193310000449,15.09823997121691,0.6317838982901116,3.00831618240538
19102,19102_phase3_R71NoCue_1906181052.log,belief,220.23361607927004,451.99133492410044,0.5002944063561766,0.48980430569997785,9.388753069493372,,
19102,19102_phase3_R71NoCue_1906181052.log,belief_ck,103.90076227849076,230.84973008810223,0.7212770504902825,0.49445997512875084,100.0,0.483993105042122,2.6519019541870303
19102,19102_phase3_R71NoCue_1906201056.log,belief,112.78979351614007,235.90915898012716,0.5249180594517918,0.5110482901171302,100.0,,
19102,19102_phase3_R71NoCue_1906201056.log,belief_ck,95.694302117994,212.04774813168206,0.5787847781615107,0.5107209664956299,100.0,0.4536910521227682,1.4047403652269477
19102,19102_phase3_R71NoCue_1906211100.log,belief,218.75589621339213,449.2046699768997,0.5313988155379513,0.0020182804795071375,1.2968223229871279,,
19102,19102_phase3_R71NoCue_1906211100.log,belief_ck,104.05632036738935,231.4983958350096,0.7402696181360245,0.15844995571151618,1.5273363581637514,0.5020809879078663,2.6281114749255265
19102,19102_phase3_R71NoCue_1906241011.log,belief,137.22778178493888,285.0320976312668,0.5000387892972851,0.4970269968010541,11.469533230971628,,
19102,19102_phase3_R71NoCue_1906241011.log,belief_ck,63.270802357392114,147.69467283756236,0.7264762359316541,0.01786569151293462,0.4106008782653672,0.6078388605651016,2.5113942295967457
19102,19102_phase3_R71NoCue_1906250944.log,belief,127.66132394762766,265.8271947513486,0.5125362211697694,1e-06,0.8057179583897988,,
19102,19102_phase3_R71NoCue_1906250944.log,belief_ck,43.94875292402577,108.90659956023805,0.7944555967606439,0.9001979114542595,2.272702943743976,0.4685387520779409,3.3013140149657176
19102,19102_phase3_R71NoCue_1906271000.log,belief,82.2556939835307,174.1997621399786,0.5232569529212668,0.5089644658756495,100.0,,
19102,19102_phase3_R71NoCue_1906271000.log,belief_ck,30.31998946101398,80.01672726786232,0.787619578184388,0.5165086047533661,100.0,0.6081270527833885,3.204528394820422
19102,19102_phase3_R71NoCue_1906280902.log,belief,59.73019154549148,128.39219932829212,0.5033075190509384,1e-06,0.40853230506967203,,
19102,19102_phase3_R71NoCue_1906280902.log,belief_ck,23.244124384562866,64.35188124374406,0.7655399757474693,0.8693483128427121,1.7127235893515587,0.4139919520678527,3.1137529945911955
19102,19102_phase3_R71NoCue_1906280924.log,belief,43.03037088093349,94.6957179889396,0.5634152937723622,0.5157074113357815,100.0,,
19102,19102_phase3_R71NoCue_1906280924.log,belief_ck,21.478945872134055,60.22784419841335,0.7509727258696879,0.6741249334974102,12.876437657972652,0.6198081928697828,2.792444386605672
19102,19102_phase3_R71NoCue_1907011035.log,belief,52.064459897147536,112.9905533919817,0.5380439671805708,0.5123312713230089,100.0,,
19102,19102_phase3_R71NoCue_1907011035.log,belief_ck,12.9294732981818,43.582213791736855,0.857338632633273,0.47782675110091305,100.0,0.999999,4.379394411147327
19102,19102_phase3_R71NoCue_1907021032.log,belief,45.298689681569726,99.59699870379998,0.6045210579354411,0.5236784631311708,100.0,,
19102,19102_phase3_R71NoCue_1907021032.log,belief_ck,26.745825579093125,71.4908898395073,0.7429133671620616,0.5091809127250566,100.0,0.0963766835222289,2.9949924070276257
19102,19102_phase3_R71NoCue_1907031015.log,belief,40.9009624374241,90.32728462893083,0.5621031564753763,0.516855879372269,100.0,,
19102,19102_phase3_R71NoCue_1907031015.log,belief_ck,21.896157321571497,60.84303415130826,0.7346239216119588,0.5070027180465543,100.0,0.2203258204696314,2.8079816281224548
19102,19102_phase3_R71NoCue_1907041039.log,belief,108.13046931253268,226.36065063956443,0.5000015732550994,0.5008938367007425,7.324613720640606,,
19102,19102_phase3_R71NoCue_1907041039.log,belief_ck,94.43673232061602,209.07288867023018,0.5458758725570555,0.4994164706574668,19.525904151233235,0.4307352408912208,1.320114366875215
19102,19102_phase3_R71NoCue_1907051005.log,belief,80.43497739470345,170.41132403833822,0.5057805745897529,0.999999,0.5934445790945865,,
19102,19102_phase3_R71NoCue_1907051005.log,belief_ck,78.12444128020046,175.33162105826358,0.5157817664116306,0.9996515212063032,0.6130508652795874,0.10759500159259518,1.2805674806829734
19102,19102_phase3_R71NoCue_1907081008.log,belief,26.90705151332772,61.14122631891473,0.5016139907650269,0.5024005143108948,100.0,,
19102,19102_phase3_R71NoCue_1907081008.log,belief_ck,26.90795582619871,68.470158236916,0.5016023597206924,0.5167536709783135,14.330465697305456,1e-06,3.6602572424981745
19102,19102_phase3_R71NoCue_1907081042.log,belief,38.405780796439586,84.93244761397202,0.5157316873884183,0.9998995204183221,1.0597947603858964,,
19102,19102_phase3_R71NoCue_1907081042.log,belief_ck,29.04355229414292,74.32887663047151,0.6060753858101111,1.3735906959920576e-06,1.496271267228692,0.4504879009425379,2.033086726415309
19102,19102_phase3_R71NoCue_1907091044.log,belief,40.74835732410021,89.78298410098348,0.523719353739251,0.509317244142886,100.0,,
19102,19102_phase3_R71NoCue_1907091044.log,belief_ck,31.05882449279165,78.69018789114944,0.6107929706281039,0.4977130045692439,100.0,0.2349349049891741,2.314521888482482
19102,19102_phase3_R71NoCue_1907091104.log,belief,16.61826035134858,39.592628363393054,0.5003599624710361,0.512607157719789,9.200257324326746,,
19102,19102_phase3_R71NoCue_1907091104.log,belief_ck,14.279636438193688,41.271488197779156,0.551570921226229,0.5656517353173404,2.4574988588200006,0.0017338807463488973,100.0
19102,19102_phase3_R71NoCue_1907101049.log,belief,82.1089999013643,173.82604189219512,0.5101632077021382,0.999999,0.841758275565551,,
19102,19102_phase3_R71NoCue_1907101049.log,belief_ck,70.75643318588638,160.72895055070578,0.5599147360948238,0.999999,0.7963358166832457,0.1313836883603868,1.865165334387049
19102,19102_phase3_R71NoCue_1907111106.log,belief,74.75443093843185,158.89155764132198,0.503676809634544,0.4528953740343022,7.383514374326997,,
19102,19102_phase3_R71NoCue_1907111106.log,belief_ck,59.577489899751434,137.92037132841944,0.5789249231961102,1e-06,0.7897120134917671,0.02333517230779355,3.257594533841675
19102,19102_phase3_R71NoCue_1907121045.log,belief,84.85696245857953,179.3382936279039,0.5016292370771117,0.49777619487494823,100.0,,
19102,19102_phase3_R71NoCue_1907121045.log,belief_ck,63.52143964525288,146.29161671199543,0.5966441131853244,0.3763001988688862,6.413711234917407,0.0006592558374246909,100.0
19102,19102_phase3_R71NoCue_1907151002.log,belief,49.90659700031603,108.36652623866418,0.5000000000000002,0.4999999974281569,14.381131477311023,,
19102,19102_phase3_R71NoCue_1907151002.log,belief_ck,17.074062287547047,51.25478905115831,0.7888810310387137,0.48696115901018605,100.0,0.0110836358351771,12.969679927677632
19102,19102_phase3_R71NoCue_1907171038.log,belief,177.63133214605392,366.4296569096712,0.5128422618050597,0.5066568446644004,100.0,,
19102,19102_phase3_R71NoCue_1907171038.log,belief_ck,139.97321615505373,302.2804175452343,0.5908370029613429,0.7666554592474202,1.6438242804813636,0.15885158346244063,2.138574882053114
19102,19102_phase3_R71NoCue_1907181057.log,belief,136.8912442218602,284.45756460312305,0.517818242326705,0.5077795011515995,100.0,,
19102,19102_phase3_R71NoCue_1907181057.log,belief_ck,116.85523138279511,255.0606150843955,0.5701795333068286,0.5045606106297177,100.0,0.27194537644623873,1.6269413791696115
19102,19102_phase3_R71NoCue_1907191112.log,belief,140.18138392004334,290.98917979817026,0.5013009351516501,0.999999,0.24480415605832084,,
19102,19102_phase3_R71NoCue_1907191112.log,belief_ck,127.0761038870458,275.40503169025874,0.5347314292450756,0.999999,0.3246418265665759,0.3001754902365725,1.3207803263501428
19102,19102_phase3_R71NoCue_1907211739.log,belief,71.23620537227252,151.74186872100432,0.5007673563184246,0.1560224090947586,0.38758233308159945,,
19102,19102_phase3_R71NoCue_1907211739.log,belief_ck,57.86048890544942,134.2598937638174,0.5702089995565407,0.5056709929957295,3.57905531875231,0.2751604308616072,1.801118577384273
19102,19102_phase3_R71NoCue_1907221133.log,belief,190.07441772690535,391.69171770007074,0.5531466390983565,0.514534843095596,100.0,,
19102,19102_phase3_R71NoCue_1907221133.log,belief_ck,69.66235226396728,162.41046902045463,0.8049165482403464,0.23866522070154292,0.46528660045866427,0.23963713957523997,3.4438519257838065
19102,19102_phase3_R71NoCue_1907231123.log,belief,377.7393714379558,768.1058389684658,0.5044379420861935,1e-06,0.47735345672555307,,
19102,19102_phase3_R71NoCue_1907231123.log,belief_ck,265.8177230945538,556.889638374216,0.6178226442132521,0.050087061472291895,0.5209762159234592,0.36737842658680564,2.0330152147506446
19102,19102_phase3_R71NoCue_1907241127.log,belief,322.2324684691254,656.7533082065021,0.5008312886361214,0.5027085759285745,58.531337327559754,,
19102,19102_phase3_R71NoCue_1907241127.log,belief_ck,156.59067552824015,337.7580935929829,0.714600600866629,0.0021500491185524446,1.3217347202055398,0.2903619720329146,2.8800194811903665
19102,19102_phase3_R71NoCue_1907291102.log,belief,146.41259066801788,303.6573821404446,0.5216686696017504,0.5086676693444114,100.0,,
19102,19102_phase3_R71NoCue_1907291102.log,belief_ck,57.306728089285194,136.27785778738806,0.7751516671045371,0.5030485371972142,100.0,0.7802138851029568,2.6609843261730095
19102,19102_phase3_R71NoCue_1907301047.log,belief,199.34644060443566,410.03264305483236,0.5028810996022507,0.5030540373194852,100.0,,
19102,19102_phase3_R71NoCue_1907301047.log,belief_ck,79.61533046354268,181.91018461900742,0.7599249335018656,0.03409033596776442,1.2774999360247556,0.5741816458527279,2.9198859758551166
19102,19102_phase3_R71NoCue_1907311100.log,belief,157.4415734336116,325.7593054850696,0.5043279237396575,0.4926372351864842,47.870444079887335,,
19102,19102_phase3_R71NoCue_1907311100.log,belief_ck,61.24975441270312,144.25182606109902,0.7662067170446089,0.3658001336167152,3.9670888850957904,0.46100313434371004,2.908503400987331
19102,19102_phase3_R71NoCue_1908011154.log,belief,401.500949447637,815.7314004089778,0.5010489149148457,0.4931136531018216,25.574281499412614,,
19102,19102_phase3_R71NoCue_1908011154.log,belief_ck,190.06469394639237,405.58839092019235,0.7209873228958645,0.04696426737684378,1.2879123844065201,0.5145702932302607,2.553663366074952
19102,19102_phase3_R71NoCue_1908021105.log,belief,336.02000977711276,684.4124368020265,0.5008747560506838,0.5021262648522995,78.06455547074371,,
19102,19102_phase3_R71NoCue_1908021105.log,belief_ck,108.51528343869731,241.77540137299658,0.7998888678020121,0.2620146542652145,2.159042608756684,0.6089023026831324,3.1307594577444875
19102,19102_phase8_R71NoCueWithPupil_1902131221.log,belief,311.05517791967446,634.3509506772508,0.504777392576621,0.04485920739602896,0.6151512417176959,,
19102,19102_phase8_R71NoCueWithPupil_1902131221.log,belief_ck,110.38199322538827,245.24517612658033,0.7845870211742288,0.17262246888429872,1.5224443468346676,0.7033092119617911,2.8384820369468042
19102,19102_phase8_R71NoCueWithPupil_1902181341.log,belief,242.41372723206695,496.87434965005593,0.5560160171530012,0.015143743718415459,1.9600594884264895,,
19102,19102_phase8_R71NoCueWithPupil_1902181341.log,belief_ck,192.00731946743045,408.10842930670503,0.6281924164366914,0.14125074533891493,2.418024936459574,0.3958642972375043,1.8126901847272736
19102,19102_phase8_R71NoCueWithPupil_1902191620.log,belief,401.55332165621246,816.2567949936241,0.5711825182563797,0.03183024824113348,2.4594184551901774,,
19102,19102_phase8_R71NoCueWithPupil_1902191620.log,belief_ck,302.90266660195846,632.1056365663154,0.655433525459974,0.1389948346430639,2.4597283250779705,0.5285109802153896,1.7624000613395239
19102,19102_phase8_R71NoCueWithPupil_1902221334.log,belief,270.5368724320506,553.8875048362398,0.6399082434212424,0.0002793708441722185,3.026332487550922,,
19102,19102_phase8_R71NoCueWithPupil_1902221334.log,belief_ck,148.29620354898267,322.2199270422426,0.7829290444781761,0.14582400578115282,4.599633133708862,0.5694654107573951,2.794501900176917
19103,19103_phase8_R71NoCueWithPupil_1903211427.log,belief,143.97005216112976,299.02263141257635,0.5685941092877014,1e-06,1.9194127395522151,,
19103,19103_phase8_R71NoCueWithPupil_1903211427.log,belief_ck,73.44738078648817,169.05981575361005,0.7497398912580852,0.00015992332980909818,1.002448630374265,0.4330987899434916,2.6822898630478704
19103,19103_phase8_R71NoCueWithPupil_1903221506.log,belief,229.021412258003,470.3225936204585,0.6104367283513613,5.51453006823444e-05,2.6012976633768936,,
19103,19103_phase8_R71NoCueWithPupil_1903221506.log,belief_ck,137.2854975764921,299.1305333618892,0.743881212740811,0.13566588236574956,3.361074419940566,0.4514170143028479,2.579962013049171
19103,19103_phase8_R71NoCueWithPupil_1904011705.log,belief,288.38236954322855,588.8783071129144,0.5089688071412415,0.505554490325886,100.0,,
19103,19103_phase8_R71NoCueWithPupil_1904011705.log,belief_ck,89.51837879029128,203.26389363349705,0.8108721232226506,0.11563193533175904,2.201575769734384,0.44920896741996735,3.6198722065383016
19103,19103_phase8_R71NoCueWithPupil_1904021509.log,belief,222.6884511962006,457.3994367412095,0.5793751826308187,0.00204800847094448,2.2122111083936833,,
19103,19103_phase8_R71NoCueWithPupil_1904021509.log,belief_ck,94.08023700033648,212.2055426982896,0.7940659059719299,0.05756587622978199,2.0278641040373455,0.9151818386162853,2.6713894600111043
19104,19104_phase3_R71NoCue_1901271923.log,belief,452.5669075849948,918.0969694285425,0.5000445665501095,0.999999,0.04992824896417455,,
19104,19104_phase3_R71NoCue_1901271923.log,belief_ck,393.5996180263009,813.1255445697075,0.5473012354554342,0.22735649330750413,0.3621554086023392,0.263413368248944,1.5781490891940504
19104,19104_phase3_R71NoCue_1901291155.log,belief,87.79501608507108,185.27840634305934,0.5009247748091165,0.9926752592098312,0.3277619507392189,,
19104,19104_phase3_R71NoCue_1901291155.log,belief_ck,31.44522185307936,82.26719205199308,0.7806720153610563,0.47609611201392493,2.3612438331236363,0.6100926396264891,2.911231804227031
19104,19104_phase3_R71NoCue_1901291221.log,belief,69.61781894970873,148.4658789331,0.5019346554769125,0.06006495389568807,0.4355061432952954,,
19104,19104_phase3_R71NoCue_1901291221.log,belief_ck,50.67309618254853,119.80667443246209,0.6054920633998522,0.035850879293256546,1.7295766916804816,0.006312578277135027,11.218774031704163
19104,19104_phase3_R71NoCue_1901291303.log,belief,108.62048953798447,227.35347068666556,0.5006488850507023,0.4894367715143768,13.481714964805416,,
19104,19104_phase3_R71NoCue_1901291303.log,belief_ck,54.74943703060283,129.72385728259889,0.705588883664536,0.2860364881695616,3.1522701020205264,0.2444349882675512,2.907304880064819
19104,19104_phase3_R71NoCue_1901301250.log,belief,35.806303766778996,79.51509497072085,0.5022874243136254,0.49735898027753667,100.0,,
19104,19104_phase3_R71NoCue_1901301250.log,belief_ck,22.331764307058677,60.46850348844306,0.6508624132367637,0.4972757521709225,100.0,0.55743884816744,2.0890303336804545
19104,19104_phase3_R71NoCue_1901311231.log,belief,107.37300924279974,225.1319321873799,0.5507266350833634,0.0729000701956162,2.3224250793969183,,
19104,19104_phase3_R71NoCue_1901311231.log,belief_ck,33.186376161102594,87.14457972576602,0.8316290786894627,0.3737247765311707,12.38677819122739,0.63347625429252,3.2665014443256175
19104,19104_phase3_R71NoCue_1902011251.log,belief,423.95462234115655,860.7459745541855,0.5007710664795445,0.5019294687288066,82.052670794689,,
19104,19104_phase3_R71NoCue_1902011251.log,belief_ck,127.98806339072975,281.64958652520437,0.8115659200705106,0.26070789475163575,2.669593164682713,0.5003721617130593,3.32686126032903
19104,19104_phase3_R71NoCue_1902041247.log,belief,88.05748447508755,185.81902947801433,0.502605808285742,0.5042491239354917,100.0,,
19104,19104_phase3_R71NoCue_1902041247.log,belief_ck,46.93431651089494,113.27675407746834,0.6930352968101128,0.9080562522691572,1.2700165296411234,0.7040748531992529,2.2310936622239748
19104,19104_phase3_R71NoCue_1902051540.log,belief,352.7861619362291,718.0645374034214,0.5047489448261121,0.5040870405469036,100.0,,
19104,19104_phase3_R71NoCue_1902051540.log,belief_ck,119.89349330489806,264.77141367172237,0.7926672684502944,0.16038000177255593,1.6041839106166758,0.46088415622681383,3.2971065809708615
19104,19104_phase3_R71NoCue_1902061233.log,belief,246.0659930426673,503.8762216642854,0.500001769096247,0.5009917048652405,8.44649271743692,,
19104,19104_phase3_R71NoCue_1902061233.log,belief_ck,224.16443222993286,471.81733561776736,0.5318205785587732,0.49612988300193017,100.0,0.06753338217003964,2.0334434784178055
19104,19104_phase3_R71NoCue_1902071203.log,belief,252.0076294530416,516.3376735494734,0.5876277172577923,0.0019299482543704614,2.34321117817282,,
19104,19104_phase3_R71NoCue_1902071203.log,belief_ck,174.64599320856126,373.9368157039028,0.691804787282076,0.0340449772391577,1.8117709996409144,0.4406028490342664,2.0949676944521824
19104,19104_phase3_R71NoCue_1902081137.log,belief,380.22713542747755,773.3865603034303,0.5535888445910412,0.0006938296495843355,1.7260279114257688,,
19104,19104_phase3_R71NoCue_1902081137.log,belief_ck,96.54106031498449,218.94669952691947,0.8605860933924633,0.09359848748353122,3.512999052640301,0.6637494653476743,3.7658082708627107
19104,19104_phase3_R71NoCue_1902111004.log,belief,322.9827680383786,658.258194592095,0.5007682183383955,0.497632175543636,65.13346054934729,,
19104,19104_phase3_R71NoCue_1902111004.log,belief_ck,127.51696192666037,279.6192408839963,0.7610504773807516,0.38357429048911656,7.111623710442706,0.49639040722912975,2.969228325540815
19104,19104_phase3_R71NoCue_1902120954.log,belief,256.31919316835695,524.4653923479905,0.5001963407542284,0.4928280765671059,10.353767791482964,,
19104,19104_phase3_R71NoCue_1902120954.log,belief_ck,74.4435312276367,172.54107447782647,0.8177499014741961,0.49139960234380603,100.0,0.47577276570305493,3.4092372732214904
19104,19104_phase3_R71NoCue_1902131003.log,belief,315.2522636985979,642.7713234831891,0.5046730981045134,0.5038838556338046,100.0,,
19104,19104_phase3_R71NoCue_1902131003.log,belief_ck,73.95197346338715,172.43753909876088,0.8517890060211945,0.12989599548393102,2.331368449380361,0.4020783328440742,3.9574160753394794
19104,19104_phase3_R71NoCue_1902141037.log,belief,488.6460473551889,990.4084903160024,0.5000161101457529,0.5020226908939063,10.703793446986074,,
19104,19104_phase3_R71NoCue_1902141037.log,belief_ck,261.6917937699323,549.6163787511136,0.6899100627573768,0.4973595321612514,100.0,0.530262746841092,2.3557439512055645
19104,19104_phase3_R71NoCue_1902151018.log,belief,472.95555780085436,958.9699532782332,0.5013523810320812,0.04587215925117354,0.3278885944810254,,
19104,19104_phase3_R71NoCue_1902151018.log,belief_ck,354.9701506041489,736.0579765613467,0.5955889092868618,0.0787394340812147,1.4637475614998614,0.12253793565046756,2.4446296530628193
19104,19104_phase3_R71NoCue_1902181048.log,belief,141.51159269606686,294.1445486541648,0.5802621141822502,0.0011379305104526945,2.1980705636208584,,
19104,19104_phase3_R71NoCue_1902181048.log,belief_ck,101.36084191835516,224.96441036077243,0.6771588523633512,0.01092207150562535,1.5032146441982357,0.31843412955000205,2.116483369772194
19104,19104_phase3_R71NoCue_1902191200.log,belief,365.04385796821094,742.9632192358947,0.5576241149296987,0.000195193204810106,1.7549395543880661,,
19104,19104_phase3_R71NoCue_1902191200.log,belief_ck,141.66507172663628,309.08115005221816,0.7971885011751674,0.14625306589609216,3.0115512416258676,0.49191049611581233,3.139811738386828
19104,19104_phase3_R71NoCue_1902201140.log,belief,195.27005909181844,402.6062906272345,0.626082252338166,2.9393747140603246e-06,2.8392538633452085,,
19104,19104_phase3_R71NoCue_1902201140.log,belief_ck,156.64963536594388,337.43161561908295,0.686836780470232,0.04352067303546725,2.154724048405554,0.23926104078881524,2.538677235149934
19104,19104_phase3_R71NoCue_1902211135.log,belief,323.14862836464164,659.427786669354,0.6343598408784902,0.000733192010780111,2.966595128748122,,
19104,19104_phase3_R71NoCue_1902211135.log,belief_ck,179.13770023937082,384.53646035888306,0.7770064557771914,0.1038967634366294,3.8014355523473173,0.4922456989097836,2.9000135011288943
19104,19104_phase3_R71NoCue_1902221050.log,belief,431.5421053273943,876.4609200826822,0.5842581621239759,0.00418229016074644,2.3027178471026564,,
19104,19104_phase3_R71NoCue_1902221050.log,belief_ck,248.40617683523632,523.5657725262597,0.7339255637523366,0.15922119080362276,3.7202509704672924,0.4528844002150693,2.495721041282302
19104,19104_phase3_R71NoCue_1902251245.log,belief,38.001075906849486,84.58307069599576,0.5941861150737952,0.08549606356365459,3.3594238445257454,,
19104,19104_phase3_R71NoCue_1902251245.log,belief_ck,33.49747966226539,84.15679708912435,0.6319976618701981,0.27506916646595025,5.01363452728337,0.34119824438771423,1.5612126779097786
19104,19104_phase3_R71NoCue_1902261427.log,belief,26.98084306157628,61.288809415411855,0.5006657887823818,0.999999,0.34932675718183964,,
19104,19104_phase3_R71NoCue_1902261427.log,belief_ck,0.8287702676369341,16.311787119792452,0.9789736816702497,1e-06,99.99400342103652,0.7612639928085683,45.96095093636649
19104,19104_phase3_R71NoCue_1902261434.log,belief,0.6931475984246087,8.496991319828044,0.9803905982348995,0.0001584161582592205,100.0,,
19104,19104_phase3_R71NoCue_1902261434.log,belief_ck,0.693147598423979,15.607687442805613,0.9803905982349171,0.00015842603219420558,100.0,1.0973620151892653e-06,0.0010000000198020524
19104,19104_phase3_R71NoCue_1903181250.log,belief,323.4874321100232,659.3595891989961,0.5160619353154052,0.0012867770628206053,0.9667536437755877,,
19104,19104_phase3_R71NoCue_1903181250.log,belief_ck,239.48904853473076,503.747547027361,0.6127779427011215,0.19188873570815926,2.5358713279564626,0.4960712055440005,1.8365177152162164
19104,19104_phase3_R71NoCue_1903191352.log,belief,421.80936974132425,856.654082028473,0.5363026261931539,0.04902838828436746,1.8182563374184428,,
19104,19104_phase3_R71NoCue_1903191352.log,belief_ck,258.0253557812197,542.1213966540885,0.6830887333756915,0.24501229585244244,3.600454683611639,0.6491254542195408,2.0642884407739377
19104,19104_phase3_R71NoCue_1903201337.log,belief,308.5484555773697,629.5019821891152,0.5354798515251437,0.08941395493795158,2.1452085964174468,,
19104,19104_phase3_R71NoCue_1903201337.log,belief_ck,234.6235451613119,494.0572323913755,0.6219183607350138,0.17989175285118858,2.218281220407093,0.8763225202885642,1.3870077480497733
19104,19104_phase3_R71NoCue_1903221451.log,belief,320.18360926327455,652.9503568056657,0.5527040404707015,0.03267111229263548,2.0869645034879603,,
19104,19104_phase3_R71NoCue_1903221451.log,belief_ck,166.02336758805697,357.2130117343472,0.7353191320646988,0.3361796251330771,6.52797676626123,0.9869424564119418,2.18650250175669
19104,19104_phase3_R71NoCue_1903251458.log,belief,204.31697135228785,420.08111290848046,0.5128855691602957,0.008850987896047656,1.0208741929585445,,
19104,19104_phase3_R71NoCue_1903251458.log,belief_ck,187.13684295409058,397.1680263159907,0.5425048191899751,0.008295042013412702,0.7884481791395659,0.6610236642724244,0.906982491276629
19104,19104_phase3_R71NoCue_1904021044.log,belief,301.3388234635334,614.8329314137649,0.5010025487861584,0.5017364883948947,98.69953038040627,,
19104,19104_phase3_R71NoCue_1904021044.log,belief_ck,207.09696489377689,438.5044987609499,0.6218893855791819,0.5034259507192975,100.0,0.2726341522692617,2.1817754232754893
19104,19104_phase3_R71NoCue_1904142209.log,belief,319.2274963212128,650.7942141074085,0.5128150882916989,0.14819809017716473,1.5225003135172108,,
19104,19104_phase3_R71NoCue_1904142209.log,belief_ck,197.93947272494404,420.55738837985393,0.6609353070019681,0.24858639057087228,3.1028616096642687,0.31711327605588974,2.3234980234380878
19104,19104_phase3_R71NoCue_1904151114.log,belief,48.65919000289788,107.2718474906369,0.7149228667994297,0.0012697258139952887,4.200703209702745,,
19104,19104_phase3_R71NoCue_1904151114.log,belief_ck,31.950539936403974,83.80801484249025,0.802239127746313,0.051024849394056326,3.5498899342249803,0.5194385963239555,2.751063814123182
19104,19104_phase3_R71NoCue_1904160930.log,belief,68.25688842445122,146.43946610942226,0.6204433982538045,0.5247477860054198,100.0,,
19104,19104_phase3_R71NoCue_1904160930.log,belief_ck,0.6931477297744487,21.237673980588525,0.9951645417310504,0.8189974333003442,11.735113536923823,0.999999,20.79470961713571
19104,19104_phase3_R71NoCue_1904160950.log,belief,210.93698901654543,433.3791233107421,0.5118921938637302,0.029071320039044682,0.9564722079820294,,
19104,19104_phase3_R71NoCue_1904160950.log,belief_ck,88.58007681883322,200.17044419296897,0.754872367965629,0.2592343404323936,3.67373210648721,0.5602554864810011,2.7719992498689257
19104,19104_phase3_R71NoCue_1904171647.log,belief,80.94710631807294,171.6749108925894,0.5440985668184788,0.002543555404469759,1.6392436559932848,,
19104,19104_phase3_R71NoCue_1904171647.log,belief_ck,55.67081600447876,130.90302852184453,0.6579820919270946,0.12375061651370242,2.90759012006589,0.4359350340153977,2.2570446255619996
19104,19104_phase8_R71NoCueWithPupil_1902251256.log,belief,252.25830965227317,517.1071513074256,0.6278705680915967,0.02332156394644671,3.287054627085545,,
19104,19104_phase8_R71NoCueWithPupil_1902251256.log,belief_ck,206.05641557563382,437.2938951570262,0.6837397689406941,0.07673643185478532,2.5903303247319664,0.6089729433838551,1.548411501141706
19104,19104_phase8_R71NoCueWithPupil_1902261440.log,belief,201.22176571741522,414.9123528862672,0.6739815907980514,0.003255464612060609,3.591707922404063,,
19104,19104_phase8_R71NoCueWithPupil_1902261440.log,belief_ck,109.28006532592643,243.49777355472634,0.8071266870072475,0.08558378858629263,4.216692307182716,0.4352995477838635,2.9157693655306534
19106,19106_phase3_R71NoCue_1902151147.log,belief,266.861841650178,545.6301699689316,0.4999997699551191,0.999999,0.001,,
19106,19106_phase3_R71NoCue_1902151147.log,belief_ck,261.4016169522423,546.6162072416357,0.5071414912725587,0.999999,0.001,0.2261599629100668,0.7908681172781059
19106,19106_phase3_R71NoCue_1902181152.log,belief,429.9785922391988,872.8230646638759,0.500932503587057,0.5021473516604028,80.91693813759049,,
19106,19106_phase3_R71NoCue_1902181152.log,belief_ck,301.524224198387,628.7802087677308,0.6158415123122846,2.0397669033207938e-05,0.6693036842121413,0.14581644082755582,2.4405186253333877
19106,19106_phase3_R71NoCue_1902201339.log,belief,258.5584122639955,528.9706765799318,0.501832390067111,0.5024451469627237,100.0,,
19106,19106_phase3_R71NoCue_1902201339.log,belief_ck,194.27224142273647,412.2521869493546,0.5956754480673764,0.49595106585908555,100.0,0.1064483190875998,2.536511321337067
19106,19106_phase3_R71NoCue_1902221242.log,belief,254.6566099861465,521.1670720242338,0.5070811174104372,0.5048214034456046,100.0,,
19106,19106_phase3_R71NoCue_1902221242.log,belief_ck,50.77101471890611,125.24973354169386,0.8733757768899173,0.08478777807358535,0.9332694577127065,0.621545006192349,3.8115236172452374
19106,19106_phase3_R71NoCue_1902251335.log,belief,156.3184314144224,323.4779328273894,0.5007368951189243,0.999999,0.22780783802018317,,
19106,19106_phase3_R71NoCue_1902251335.log,belief_ck,70.16778491979755,162.01770983668425,0.7330972408577718,0.3538400358856228,3.5571657415614317,0.5427937872879304,2.6937275408070915
19106,19106_phase3_R71NoCue_1902261512.log,belief,55.812668930725856,120.602610600916,0.534133944183284,1e-06,1.3491180024034801,,
19106,19106_phase3_R71NoCue_1902261512.log,belief_ck,22.92317846347249,63.800902405873536,0.7729323093707169,0.4983325325438665,100.0,0.47665195260047244,3.0061442981075617
19106,19106_phase3_R71NoCue_1903181408.log,belief,193.23469866111512,397.74610666089774,0.5027471260699355,0.5032192488349347,100.0,,
19106,19106_phase3_R71NoCue_1903181408.log,belief_ck,105.53650977061773,233.62643821857043,0.6868943605022555,0.3939309318025587,5.438986083800361,0.34083902792483384,2.7104159343568077
19106,19106_phase3_R71NoCue_1903201623.log,belief,324.393183264328,661.0833031204913,0.4999996765361371,0.999999,0.001,,
19106,19106_phase3_R71NoCue_1903201623.log,belief_ck,68.9154465998232,162.42476638331698,0.8630736689288394,0.4968616557836198,9.24522919555196,0.5048619693395227,3.6829117159125384
19106,19106_phase3_R71NoCue_1903211700.log,belief,264.08907579333805,540.0637503369295,0.5000000000000014,0.500000011132192,8.637541274738796,,
19106,19106_phase3_R71NoCue_1903211700.log,belief_ck,156.1270402255543,336.0252779516154,0.6637947705287975,0.0030977237525676464,0.8707481014373575,0.4365155307937857,2.1292186281026626
19106,19106_phase3_R71NoCue_1903221644.log,belief,401.8499900999377,816.6260391137167,0.5342394880853067,0.0002565367449062921,1.3609464279675867,,
19106,19106_phase3_R71NoCue_1903221644.log,belief_ck,116.46527811462111,258.7826740569249,0.8338572106086948,0.03315326457981243,1.9884892091130606,0.7337669332745169,3.2994822448222574
19106,19106_phase3_R71NoCue_1903251658.log,belief,143.5874556230766,298.2885673695523,0.5744215637803691,0.005804264442992766,2.25393998561822,,
19106,19106_phase3_R71NoCue_1903251658.log,belief_ck,98.49722495372569,219.22176215424952,0.6836575354933568,0.03742384213108091,1.8146176566932728,0.7583516834943516,1.7680722636740653
19106,19106_phase3_R71NoCue_1903261622.log,belief,338.7945904215661,690.1797128460115,0.53521739429209,0.008620364584558846,1.5022092850540003,,
19106,19106_phase3_R71NoCue_1903261622.log,belief_ck,165.86299227674948,356.90704855925753,0.7363716849848206,0.1270948541748992,2.3113155783006363,0.6717925184499294,2.4301231647452837
19106,19106_phase3_R71NoCue_1903271618.log,belief,514.4859785549121,1042.1933491992597,0.5003516556367957,0.49299479190722384,14.389887091310259,,
19106,19106_phase3_R71NoCue_1903271618.log,belief_ck,190.12592179595262,406.69462777077626,0.7742274919311506,0.15942651968042618,2.11796116252013,0.47170209769819615,3.077878582184604
19106,19106_phase3_R71NoCue_1903281454.log,belief,350.70529656805377,714.4868727836429,0.6019788358468917,0.0009814249634378493,2.5435588484825824,,
19106,19106_phase3_R71NoCue_1903281454.log,belief_ck,223.99103844127941,474.1346361776295,0.723138216934213,0.15176590452101016,3.569670952956516,0.4615760869219788,2.414428454753821
19106,19106_phase3_R71NoCue_1903291522.log,belief,336.56988292734854,685.9502227707587,0.5733185081366495,0.0036996972881452456,2.1327304180337188,,
19106,19106_phase3_R71NoCue_1903291522.log,belief_ck,143.39489379429835,312.4107014207201,0.7889783854495452,0.1365714796946989,3.6805641081345053,0.5273337992916671,2.8995665182186516
19106,19106_phase3_R71NoCue_1904021634.log,belief,251.26696497994806,514.6048928249456,0.5481988783911275,3.4496077134947446e-06,1.611716518507225,,
19106,19106_phase3_R71NoCue_1904021634.log,belief_ck,65.03772010137018,154.21736593283939,0.8559077889591984,0.20121877374061806,8.755058290491725,0.46161445924880273,4.692885134194642
19106,19106_phase3_R71NoCue_1904031336.log,belief,173.35485205474853,358.85117956550204,0.6700803650245235,0.0011166048196754666,3.42626536666813,,
19106,19106_phase3_R71NoCue_1904031336.log,belief_ck,89.47496753894723,203.23288598990442,0.8133126761221976,0.05471778535681305,3.1218528128340464,0.5713992858466058,2.7956959150108807
19106,19106_phase3_R71NoCue_1904041310.log,belief,335.2188552433801,682.8018803001935,0.500273194595336,0.9999873253338407,0.13022666604113908,,
19106,19106_phase3_R71NoCue_1904041310.log,belief_ck,109.553423115371,243.83518585760854,0.7974389110997145,0.25761426742129917,5.414201169516727,0.5274680412935372,3.4455568175127067
19106,19106_phase3_R71NoCue_1904051514.log,belief,343.82984541258736,700.5126677400901,0.5732926422624283,0.0006091407095198803,2.0657926065293517,,
19106,19106_phase3_R71NoCue_1904051514.log,belief_ck,175.99773362098753,377.70142107180584,0.7521752200915263,0.1386573416426163,3.893341018566127,0.4628828588617803,2.8167696153911255
19106,19106_phase3_R71NoCue_1904081436.log,belief,320.397287528499,653.2983828233298,0.5393795324001252,0.0783878563670179,2.1554275298504915,,
19106,19106_phase3_R71NoCue_1904081436.log,belief_ck,146.40506187648,317.8177392856236,0.7542052916128583,0.12160545623827551,2.172721000622582,0.6715861432541609,2.4845403780366375
19106,19106_phase3_R71NoCue_1904151001.log,belief,114.48211458069616,239.21215712019884,0.5058874029765938,0.5044759258307053,100.0,,
19106,19106_phase3_R71NoCue_1904151001.log,belief_ck,32.35421629506965,85.20428850775232,0.8248245179365125,0.20106709344261187,7.201227520661533,0.2756954340360413,4.857863801100146
19106,19106_phase3_R71NoCue_1904161159.log,belief,252.88818304525944,518.3334089388505,0.6222197941348291,0.00018220616016067343,2.7701281905284043,,
19106,19106_phase3_R71NoCue_1904161159.log,belief_ck,110.82667373787032,246.76743317240403,0.812263917977091,0.032810491707330934,2.6857577440648948,0.5482530300948237,3.0975566659965823
19106,19106_phase3_R71NoCue_1904231724.log,belief,494.3581877745148,1002.2209163013131,0.5612879375870929,0.002335095963880673,1.886468068043994,,
19106,19106_phase3_R71NoCue_1904231724.log,belief_ck,221.30265948827721,469.6144004811214,0.7721849815433024,0.20914800259401573,4.56800713336259,0.4586104287964621,3.0378431776575203
19106,19106_phase3_R71NoCue_1904241616.log,belief,277.6221330376806,567.677478277531,0.5745684773604726,0.0024418296330977764,2.119957541307572,,
19106,19106_phase3_R71NoCue_1904241616.log,belief_ck,154.52611379295644,333.91865199025233,0.7345954372111158,0.06735663415125354,2.5049112650031713,0.3992357636181682,2.6300026177507414
19106,19106_phase3_R71NoCue_1904251534.log,belief,285.35576781172887,583.5285932055767,0.6249345536126061,0.0076091478836552325,3.067344503933956,,
19106,19106_phase3_R71NoCue_1904251534.log,belief_ck,174.06027599868122,373.7546671616004,0.7506956378694146,0.13585605822453092,4.33824111935363,0.5297522348577973,2.4997554479090174
19106,19106_phase3_R71NoCue_1904261615.log,belief,428.7749888595984,870.4094166752751,0.5007879291224296,0.48959205267795664,14.840663757068562,,
19106,19106_phase3_R71NoCue_1904261615.log,belief_ck,141.96031943738564,309.6395167869278,0.7953537798945018,0.18316971962899956,3.1334973333249323,0.6482574125248967,3.13678049804249
19106,19106_phase3_R71NoCue_1904291630.log,belief,365.90483686335733,744.3478662941272,0.500072803095509,0.999999,0.06190777148785966,,
19106,19106_phase3_R71NoCue_1904291630.log,belief_ck,137.45793306236317,299.9922512595514,0.7707917894864703,0.13614300135685886,1.946945258105406,0.4290005858444665,3.292753910582621
19106,19106_phase3_R71NoCue_1904301626.log,belief,431.62752621460487,876.360068203279,0.5402457578484878,0.0036889770422540063,1.5208408389692227,,
19106,19106_phase3_R71NoCue_1904301626.log,belief_ck,217.60125127426687,461.4125340966721,0.7331422871944553,0.21345900675030233,3.3660010305903354,0.6166204497060713,2.5009447508046443
19106,19106_phase3_R71NoCue_1905011527.log,belief,403.19470224637166,819.7233180776018,0.5987145377852088,0.008395793793844747,2.6284111603454594,,
19106,19106_phase3_R71NoCue_1905011527.log,belief_ck,260.2452239984825,547.1582751666818,0.7181327819950506,0.15766156809837506,3.584431662396377,0.5391749229862732,2.234460642000685
19106,19106_phase3_R71NoCue_1906121227.log,belief,174.52440328498193,360.23078053098556,0.5214142435203535,0.5091343029072081,100.0,,
19106,19106_phase3_R71NoCue_1906121227.log,belief_ck,56.69015431072483,135.7442565434931,0.8093446551265893,0.9354377358995899,0.7001268659544914,0.46209960267762823,3.2394900683700545
19106,19106_phase3_R71NoCue_1906131145.log,belief,377.0737314094985,766.745361312709,0.49999846950152604,0.999999,0.001,,
19106,19106_phase3_R71NoCue_1906131145.log,belief_ck,64.3037464779071,153.80328994323796,0.8885135186905385,0.335509582430204,4.862469063228364,0.3615826893631093,4.440399397070896
19106,19106_phase3_R71NoCue_1906141222.log,belief,61.68670033226833,132.45999022907668,0.5187975790998322,0.0024216091557763375,1.0743091857601703,,
19106,19106_phase3_R71NoCue_1906141222.log,belief_ck,55.7026474456793,129.57847402043862,0.5528982140436336,0.9204212964671564,1.2484852979977545,0.16739770645231677,2.054040067193552
19106,19106_phase3_R71NoCue_1906171017.log,belief,240.01431862709322,491.78410881774573,0.5105283976663971,0.5072863291298918,100.0,,
19106,19106_phase3_R71NoCue_1906171017.log,belief_ck,144.96159276724532,313.4341286616092,0.6662736001929714,0.45547769589861903,13.007699090514105,0.2941015651830102,2.6707153633763006
19106,19106_phase3_R71NoCue_1906181055.log,belief,81.31505014265511,172.36516918622138,0.5349936583473542,0.5142797634925648,100.0,,
19106,19106_phase3_R71NoCue_1906181055.log,belief_ck,18.148523459457454,55.767184720737234,0.8697025462898245,0.3907385851736971,10.47551962685414,0.2721835837570911,4.300721578424276
19106,19106_phase3_R71NoCue_1906191133.log,belief,83.38816253082165,176.74353830505996,0.5648744425219634,0.0014669240171782509,2.031180322362496,,
19106,19106_phase3_R71NoCue_1906191133.log,belief_ck,64.24128531147664,148.41699710978662,0.6440307513313627,0.005307391044388822,1.108954485586132,0.44602488634207144,1.757428647965825
19106,19106_phase3_R71NoCue_1906201100.log,belief,63.35740519440677,135.75838754291163,0.5022448908988113,0.5030624290761094,100.0,,
19106,19106_phase3_R71NoCue_1906201100.log,belief_ck,34.41078934969692,86.90873300759,0.6879560533605058,0.48255730398122193,21.31908045266537,0.3656319992083447,2.6757012467175323
19106,19106_phase3_R71NoCue_1906201132.log,belief,5.339931443005932,17.732583935244186,0.854655506897436,1e-06,8.021639753719256,,
19106,19106_phase3_R71NoCue_1906201132.log,belief_ck,1.8861560391630015,17.87775417679065,0.9460355062295066,1.280515770541496e-06,71.5651289475703,0.18072598532987516,29.477027871397603
19106,19106_phase3_R71NoCue_1906211111.log,belief,43.49849788254436,95.31476193180806,0.5067872293687209,0.5055224938658713,100.0,,
19106,19106_phase3_R71NoCue_1906211111.log,belief_ck,5.050962192073694,26.737456717586074,0.9241126638025344,1e-06,100.0,0.347448948734206,63.3398055431845
19106,19106_phase3_R71NoCue_1906211143.log,belief,11.918197026757646,32.025083177959495,0.8198477578556683,0.0001429701331901267,5.722670249212733,,
19106,19106_phase3_R71NoCue_1906211143.log,belief_ck,10.6239233038945,37.625224856677406,0.8377250052357891,0.0030528618952076537,3.0079572913830788,0.4998426158191788,2.363653718283983
19106,19106_phase3_R71NoCue_1906250947.log,belief,12.548540306452985,32.999568050068824,0.7855917034207847,1e-06,5.157041580449518,,
19106,19106_phase3_R71NoCue_1906250947.log,belief_ck,0.6931500203422449,17.1912749150102,0.9867586403717922,0.674709373315463,6.14561457426146,0.999999,17.00314036923689
19106,19106_phase3_R71NoCue_1906261104.log,belief,88.7240165264656,187.16765786165456,0.5026892596452304,0.4752578963159798,11.947306354540082,,
19106,19106_phase3_R71NoCue_1906261104.log,belief_ck,52.06474960644158,123.56874883032985,0.6679094222139735,0.45870800054721506,7.418835911377661,0.6256439595287773,2.107421397597492
19106,19106_phase3_R71NoCue_1906271002.log,belief,95.6883273220906,201.51446304862168,0.5478173341830755,0.015268561376587662,1.8142466602538747,,
19106,19106_phase3_R71NoCue_1906271002.log,belief_ck,70.06360644521095,160.40282969930283,0.6436168953659687,0.09353481803976073,1.4660046435881984,0.49973386726830643,1.8633373487716058
19106,19106_phase3_R71NoCue_1906280905.log,belief,138.33609278772,287.2688203085361,0.5007338963881214,0.5016318560949495,100.0,,
19106,19106_phase3_R71NoCue_1906280905.log,belief_ck,65.17936858563613,151.5520066374644,0.7218796505819095,0.489698689924348,11.61314392545777,0.64511874874836,2.460204435149001
19106,19106_phase3_R71NoCue_1907011038.log,belief,54.848434178215086,119.097829088015,0.6073669568067336,0.04647516295031568,3.1546907462230713,,
19106,19106_phase3_R71NoCue_1907011038.log,belief_ck,45.34357246547452,109.48906639411871,0.6621823583848879,0.07651941485413276,2.599615418733663,0.9689680811833263,1.173532325266481
19106,19106_phase3_R71NoCue_1907021034.log,belief,91.60505803706678,192.99081433057708,0.5021984920932738,0.4736124188570517,10.117452742507421,,
19106,19106_phase3_R71NoCue_1907021034.log,belief_ck,62.41410443268733,144.38960537826168,0.6254530694812689,0.05928971352894277,1.7372873873818808,0.01637636620396066,4.921483804902056
19106,19106_phase3_R71NoCue_1907031018.log,belief,46.05647538842421,100.97458437453506,0.5779364446712316,0.0007501498897151829,2.1620478139390387,,
19106,19106_phase3_R71NoCue_1907031018.log,belief_ck,20.538456665490376,58.800180526354005,0.7830917310803474,0.12395345264745992,2.648952487605748,0.36084738451362336,3.1021131519898137
19106,19106_phase3_R71NoCue_1907041042.log,belief,124.0015493937343,258.3778703991501,0.5002005875053044,0.999949238522749,0.12046507192511673,,
19106,19106_phase3_R71NoCue_1907041042.log,belief_ck,60.112927454656784,140.9753981326766,0.7147471677504879,0.20925629399855375,1.4856602538908394,0.5248441811137672,2.5523190688436954
19106,19106_phase3_R71NoCue_1907051008.log,belief,114.90902127293538,240.05403017070427,0.5025410395214996,0.5030614616524574,100.0,,
19106,19106_phase3_R71NoCue_1907051008.log,belief_ck,78.11036281525716,176.69270088018135,0.6264246874497351,0.49858745442550384,83.27950174754048,0.28018585261132384,2.27162388182724
19106,19106_phase3_R71NoCue_1907081015.log,belief,35.84253017851272,79.84013524483687,0.5447106670148181,0.515035262121055,100.0,,
19106,19106_phase3_R71NoCue_1907081015.log,belief_ck,14.181392325878807,44.6729344273805,0.7863426958260266,0.4913673752622754,100.0,0.20071960964496555,4.037653002728856
19106,19106_phase3_R71NoCue_1907091047.log,belief,69.18862522421264,147.9522339339894,0.5618210608405453,9.702073241064963e-06,1.9442931775325056,,
19106,19106_phase3_R71NoCue_1907091047.log,belief_ck,33.92010171410892,86.99017039934601,0.7537703640799209,0.05957590026466007,2.302166256983705,0.4483554138852018,2.760290988008936
19106,19106_phase3_R71NoCue_1907101045.log,belief,58.85808276155883,126.67083915207408,0.5123015566124987,0.2240448698626779,2.199890861274774,,
19106,19106_phase3_R71NoCue_1907101045.log,belief_ck,39.27321257716899,96.45577241225081,0.6400003814847095,0.4961665579968541,100.0,0.39004595756754995,2.1142035698687387
19106,19106_phase3_R71NoCue_1907121042.log,belief,138.9062962949678,288.63588469364566,0.5378812897584514,0.000799275288471878,1.4490530940757527,,
19106,19106_phase3_R71NoCue_1907121042.log,belief_ck,84.5891607794049,190.82490576622996,0.6854839580679368,0.08431208280270379,1.7135779213957583,0.640132164994546,2.1173191355782524
19106,19106_phase3_R71NoCue_1907151006.log,belief,22.622138227015263,52.90155924700872,0.6115334562172539,1e-06,2.775041744314384,,
19106,19106_phase3_R71NoCue_1907151006.log,belief_ck,15.301050322469965,45.91666623089631,0.7170343520298726,0.9462561149791833,1.5346593186699444,0.21183368742624828,3.075910707548995
19106,19106_phase3_R71NoCue_1907161033.log,belief,146.4707849731187,303.8776902285077,0.539010520473456,0.009582066924222728,1.5366524278154226,,
19106,19106_phase3_R71NoCue_1907161033.log,belief_ck,121.86901990842756,265.6102803813956,0.5979696529615026,0.020576521067244485,0.8892641782665299,0.3817988309016929,1.572253459904447
19106,19106_phase3_R71NoCue_1907171043.log,belief,174.45459490773612,360.3498133686871,0.5644055202074888,0.025627011462689638,2.294180359769064,,
19106,19106_phase3_R71NoCue_1907171043.log,belief_ck,143.99913615954466,310.879519425519,0.6236734809476123,0.06722283974805934,1.394965150717334,0.38430273087741385,1.671690232522071
19106,19106_phase3_R71NoCue_1907181050.log,belief,190.22786957302685,391.7885925222786,0.517768047168215,0.07385760300385548,1.347103327117781,,
19106,19106_phase3_R71NoCue_1907181050.log,belief_ck,139.0511226381079,300.76795202866555,0.6180748248323424,0.24817706359201583,1.690023835242949,0.5080210550126311,1.7912550168015509
19106,19106_phase3_R71NoCue_1907191115.log,belief,229.3458020749041,470.3018740876412,0.5011746636276145,0.5019648587003924,99.60266487408146,,
19106,19106_phase3_R71NoCue_1907191115.log,belief_ck,104.51275063295616,232.24604114157827,0.7299367140605285,0.10270307636765383,1.0237624028662229,0.37176362465639073,2.8485766962867136
19106,19106_phase3_R71NoCue_1907211458.log,belief,137.41148637270447,285.5455570768278,0.5245973048123828,0.0003482777573911875,1.1424581445598585,,
19106,19106_phase3_R71NoCue_1907211458.log,belief_ck,101.70019158921185,224.8455518412614,0.620353570671051,0.02763902011386361,0.8519188161147664,0.29190087116840624,2.0389554282908215
19106,19106_phase3_R71NoCue_1907221136.log,belief,123.33068263851146,257.6638816981124,0.6044776747435872,0.523512615434441,100.0,,
19106,19106_phase3_R71NoCue_1907221136.log,belief_ck,0.6931471805601891,23.391327203299287,0.9971748261704703,0.999999,0.001,0.999999,100.0
19106,19106_phase3_R71NoCue_1907231126.log,belief,335.9318583666901,684.3713743565312,0.5241261892094654,0.007444276439560819,1.2006782270426546,,
19106,19106_phase3_R71NoCue_1907231126.log,belief_ck,212.60980697873455,450.234929203771,0.6644039118806881,0.19865641185760724,2.1447227167055782,0.4462637482133666,2.1750875209925673
19106,19106_phase3_R71NoCue_1907251252.log,belief,322.2910478162307,656.9912111575987,0.5214754789424522,0.5087832546962751,100.0,,
19106,19106_phase3_R71NoCue_1907251252.log,belief_ck,151.87699733768036,328.57222572563546,0.7357813988194323,0.47835851538507507,15.235373618624827,0.05222430563736554,3.1889758852997505
19106,19106_phase3_R71NoCue_1907291241.log,belief,317.12021790282955,646.9069950619385,0.5693450618482678,0.5170227089801317,100.0,,
19106,19106_phase3_R71NoCue_1907291241.log,belief_ck,85.99234781113958,197.31781413483793,0.8583532795270817,0.5047891594844681,100.0,0.3323178503249802,3.6972537597152217
19106,19106_phase3_R71NoCue_1907301219.log,belief,415.8319015883062,844.4676375700668,0.5017741586949931,0.999999,0.34049478302564534,,
19106,19106_phase3_R71NoCue_1907301219.log,belief_ck,119.93683578442827,265.48134035576527,0.8196316678542579,0.999999,0.3860081728856752,0.2535658424916763,3.4440370754579983
19106,19106_phase3_R71NoCue_1907311204.log,belief,351.46654399612004,715.6797275713941,0.5489366370301733,0.0048451541943166756,1.714972928037055,,
19106,19106_phase3_R71NoCue_1907311204.log,belief_ck,233.04029142460314,491.5738620075143,0.6718772101143616,0.3055532907166121,4.877937068151886,0.4102839226745932,2.2276073796924103
19106,19106_phase3_R71NoCue_1908021257.log,belief,114.38070821725188,238.99740405933727,0.5041333712294825,0.4961703013568569,100.0,,
19106,19106_phase3_R71NoCue_1908021257.log,belief_ck,67.41807944966642,155.30813414899987,0.6678437269211714,0.49545159388965526,100.0,0.7714483032899463,1.9647903924347032
19107,19107_phase3_R71NoCue_1902141249.log,belief,297.26236512586524,606.6476440895865,0.5001139702533888,0.999999,0.07844062504930065,,
19107,19107_phase3_R71NoCue_1902141249.log,belief_ck,247.72914431121316,519.7041162981384,0.5613238805603358,0.4873852972256403,10.796362139964023,0.2256088988567909,1.7623085076550455
19107,19107_phase3_R71NoCue_1902151215.log,belief,189.1502937301801,389.61955189187944,0.5173372702588602,0.0012001279373362926,0.975107102374109,,
19107,19107_phase3_R71NoCue_1902151215.log,belief_ck,161.13190560025006,344.9017400635386,0.5703898462467394,0.12718730652386012,1.025281838610345,0.26798798162670623,1.7112174427763618
19107,19107_phase3_R71NoCue_1902181159.log,belief,160.89621223994456,333.60859035622696,0.6458306456256327,8.64150023345784e-05,3.112201115223158,,
19107,19107_phase3_R71NoCue_1902181159.log,belief_ck,139.34726933511956,302.32687042291485,0.684777673267169,0.007998952048510118,2.239313880374413,0.19075798974534555,2.2480610233285154
19107,19107_phase3_R71NoCue_1902191423.log,belief,137.12767125645053,285.5881958891259,0.6222021668517116,0.007424206583996723,2.9210911804081032,,
19107,19107_phase3_R71NoCue_1902191423.log,belief_ck,50.13745035158257,122.94060745561487,0.840728931897987,0.025528307391953404,2.288167681877625,0.5039461326717459,3.0438325781038773
19107,19107_phase3_R71NoCue_1902201357.log,belief,13.812002109158028,35.71010675398516,0.7848082751745805,0.0007020089228481629,5.781327844790719,,
19107,19107_phase3_R71NoCue_1902201357.log,belief_ck,11.648138600458493,39.46848227225519,0.8151743120617198,0.06458645295792327,2.6585027963680488,0.3400550317842881,3.3373657735170354
19107,19107_phase3_R71NoCue_1903181441.log,belief,163.89799238677534,339.13574661951174,0.5682660960572996,0.00015083950621556878,1.9919175492661434,,
19107,19107_phase3_R71NoCue_1903181441.log,belief_ck,117.72325427777388,258.1260322474698,0.6663486438632826,0.018786791491736857,1.656191034655994,0.2580159845754188,2.2000574158359214
19107,19107_phase3_R71NoCue_1903191539.log,belief,46.29859374264584,101.12254723937431,0.5209543455273492,0.050100658351089955,1.4393321479639547,,
19107,19107_phase3_R71NoCue_1903191539.log,belief_ck,36.748704696367106,90.54812890089947,0.5959566257873246,0.048899956144311876,2.8458849897599148,0.025054508718213343,4.290491563460822
19107,19107_phase3_R71NoCue_1903191555.log,belief,53.345774883452336,115.99947046721972,0.601664679962548,5.980010762340521e-06,2.4837765939013168,,
19107,19107_phase3_R71NoCue_1903191555.log,belief_ck,33.16845208440967,84.95274556944943,0.729139636643583,4.914128002658973e-05,1.7848627318090997,0.26964889946563264,2.457087710884826
19107,19107_phase3_R71NoCue_1903201751.log,belief,84.20029931402988,178.04116175926984,0.5071062801142865,0.8814660132601255,1.3042301786259358,,
19107,19107_phase3_R71NoCue_1903201751.log,belief_ck,76.79311809018611,172.86736244279237,0.5383214861232825,0.8975077781441088,1.4850781317776924,0.4265715860317425,1.161602263166956
19107,19107_phase3_R71NoCue_1903211825.log,belief,133.15301979723787,276.8314199722855,0.5016201998330119,0.5024737870442558,96.03958157874324,,
19107,19107_phase3_R71NoCue_1903211825.log,belief_ck,106.3078023798988,233.66636551541714,0.5764782723329366,0.4607213644895437,1.036946016840637,0.17444863161012544,2.0440265667259196
19107,19107_phase3_R71NoCue_1903221655.log,belief,312.5244668756885,637.2718684303824,0.5000941458433106,0.5024354018415205,22.114832782306504,,
19107,19107_phase3_R71NoCue_1903221655.log,belief_ck,207.8773901798862,440.2006497177831,0.6306996772048377,0.00012470596736561645,0.8124877296933481,0.27973259044017673,2.140717628976976
19107,19107_phase3_R71NoCue_1903251706.log,belief,64.88377308702053,139.59285594551315,0.6205888045710216,4.5098857849495476e-06,2.6957969281751457,,
19107,19107_phase3_R71NoCue_1903251706.log,belief_ck,57.36421081263161,134.37904116820744,0.6558680407016392,0.026080898261792735,1.6583106389239002,0.1861678830267025,2.211778322987311
19107,19107_phase3_R71NoCue_1903261637.log,belief,253.8234404564003,519.6348037674137,0.5310090785851631,0.00013064175430892072,1.2809662729104476,,
19107,19107_phase3_R71NoCue_1903261637.log,belief_ck,130.37972300217476,284.7352917135758,0.7224287597063983,0.04679010072173208,1.2331249560683468,0.41243725345336524,2.654783661006876
19107,19107_phase3_R71NoCue_1903271727.log,belief,147.8370632197223,306.8108154469668,0.568778841271212,1.3150790408155994e-05,1.9462165352825218,,
19107,19107_phase3_R71NoCue_1903271727.log,belief_ck,96.29211700596885,214.85761202698208,0.6924445168899616,0.11169365245027478,1.912576096936889,0.30273600931122174,2.5693608475457665
19107,19107_phase3_R71NoCue_1903281658.log,belief,144.65886283240692,300.021441931766,0.5037944015142541,0.450502935111201,7.016179382502162,,
19107,19107_phase3_R71NoCue_1903281658.log,belief_ck,72.61342192770645,166.63427638931717,0.7088300815968581,0.2679429477888417,4.128607771191573,0.2634572856333225,2.8962249735820857
19107,19107_phase3_R71NoCue_1903291531.log,belief,269.08834792328435,550.1038545338056,0.5007021703642835,0.47927005264916395,7.117845536652501,,
19107,19107_phase3_R71NoCue_1903291531.log,belief_ck,116.30681162340224,256.4679406212783,0.7415673938740779,0.09404807443095127,2.0223836802805573,0.45100946199564607,2.888287173985304
19107,19107_phase3_R71NoCue_1904021640.log,belief,163.98507274641912,339.18174962543026,0.547229886588438,0.0019134100210797286,1.679114883155004,,
19107,19107_phase3_R71NoCue_1904021640.log,belief_ck,95.28394257218707,212.99109340955815,0.7044706477920448,0.1467900485879422,3.0737808717760933,0.42498432977131156,2.6156347290902646
19107,19107_phase3_R71NoCue_1904041500.log,belief,366.3731899305072,745.434140729267,0.525245444013021,0.0010813962984620844,1.1703073250689275,,
19107,19107_phase3_R71NoCue_1904041500.log,belief_ck,221.5105931079463,468.39670795239795,0.6775322982497304,0.11211275263862117,1.8167204903134744,0.4067760140716666,2.3835222048703852
19107,19107_phase3_R71NoCue_1904051629.log,belief,297.41912510925556,607.2634624100142,0.550994577629637,0.00020009276672709186,1.6650673800402316,,
19107,19107_phase3_R71NoCue_1904051629.log,belief_ck,183.90832856803027,392.66708151906664,0.6917340177503176,0.10775173616092536,2.4094074355122417,0.29460880998760797,2.6166555116594945
19107,19107_phase3_R71NoCue_1904081530.log,belief,289.64472618674915,591.3604152385478,0.5001086185992917,0.4877494443304144,4.687276540818929,,
19107,19107_phase3_R71NoCue_1904081530.log,belief_ck,91.94300871967432,208.02794316944767,0.8025514202089086,0.09958434632433062,5.0563058317101435,0.27025499712592205,4.384117000952611
19107,19107_phase3_R71NoCue_1904121030.log,belief,28.699817475749533,65.18327554772031,0.5567101448716587,0.0007412813331591499,1.9017445367119987,,
19107,19107_phase3_R71NoCue_1904121030.log,belief_ck,14.37613494189125,44.319551076225004,0.7457308691992856,0.12739493369958968,7.319619970096061,0.1732385307272582,4.4068228262646745
19107,19107_phase3_R71NoCue_1904151445.log,belief,361.2789207962905,735.0960341599935,0.5044732919182344,0.10002330208411281,0.39911690753410534,,
19107,19107_phase3_R71NoCue_1904151445.log,belief_ck,144.58732950079983,314.2510441364247,0.7604540124928432,0.10775507711473352,2.582469969216575,0.41760647177525734,3.084724115784285
19107,19107_phase3_R71NoCue_1904161147.log,belief,191.90337545236883,395.0619931321189,0.5014256630903029,0.49744402063570825,82.5673668280027,,
19107,19107_phase3_R71NoCue_1904161147.log,belief_ck,54.06394533245035,130.63837511966324,0.8232670696298673,0.11322507225795968,4.368850798936547,0.405092231170396,4.054991143085041
19107,19107_phase3_R71NoCue_1904161223.log,belief,34.5898867097764,77.49753958627214,0.5824761842183025,0.0007387721967557116,2.2206292699247463,,
19107,19107_phase3_R71NoCue_1904161223.log,belief_ck,15.750843264318757,48.137218862076196,0.7818386215755262,0.20409948294326866,6.134113120415812,0.6879883384521074,3.2309187580227094
19107,19107_phase3_R71NoCue_1904171654.log,belief,217.52177314801875,447.0709766081231,0.5875240626170481,0.0030559365535568913,2.281398276809569,,
19107,19107_phase3_R71NoCue_1904171654.log,belief_ck,51.17093107357103,126.39672277131328,0.8823978029409775,0.3747478135418068,57.954137531809145,0.7460833474585491,7.162226729125621
19107,19107_phase3_R71NoCue_1904221641.log,belief,365.93260867226724,744.9298859289792,0.5870454722735051,0.5191544895274172,100.0,,
19107,19107_phase3_R71NoCue_1904221641.log,belief_ck,44.7023176851388,115.533972539167,0.9370029243144502,0.37739905123476214,4.580898867359608,0.5273778425071344,4.906620336252115
19107,19107_phase3_R71NoCue_1904231730.log,belief,354.9838459252073,722.6413433127075,0.5335033159541346,0.5113826732380543,100.0,,
19107,19107_phase3_R71NoCue_1904231730.log,belief_ck,59.40643183572773,144.16016659604122,0.9001947707357659,0.05301301180837328,3.3033231555138682,0.4530359592399825,5.237143294929
19107,19107_phase3_R71NoCue_1904241620.log,belief,244.30393392749954,500.5757404163735,0.5404381127643274,0.0005061513603387184,1.471285705605703,,
19107,19107_phase3_R71NoCue_1904241620.log,belief_ck,70.95604056935476,165.84782626145827,0.8363311927447477,0.19362542880985428,6.253342785994705,0.4258599191117808,4.052168229632103
19107,19107_phase3_R71NoCue_1904251537.log,belief,295.281869904965,602.6726185024687,0.4999986256046727,0.999999,0.001,,
19107,19107_phase3_R71NoCue_1904251537.log,belief_ck,94.99266038567434,214.20307815642616,0.8001248782417062,0.06609011841463305,3.044203634707076,0.5190335071609967,3.32948333757066
19107,19107_phase3_R71NoCue_1904261619.log,belief,220.05511215562458,452.28377376507376,0.606454693533689,0.0004142557425385804,2.5357474302536813,,
19107,19107_phase3_R71NoCue_1904261619.log,belief_ck,69.14486589674856,162.63683070114632,0.8545780655022425,0.060507281590489466,4.983158457172383,0.5619387546122335,3.95199978170604
19107,19107_phase3_R71NoCue_1904291632.log,belief,169.99958627866744,352.4123244107847,0.7098219597072426,4.621644795551686e-05,3.9136423884391447,,
19107,19107_phase3_R71NoCue_1904291632.log,belief_ck,84.94016097811367,194.70662566312706,0.8426106209426785,0.12519124587092545,6.372333173182688,0.39402766503232206,4.167198365613932
19107,19107_phase3_R71NoCue_1904301627.log,belief,230.4948982656915,473.0415284790336,0.5730679619864893,8.634013733454637e-05,2.1131403207906843,,
19107,19107_phase3_R71NoCue_1904301627.log,belief_ck,75.9188177026863,175.94109930067384,0.8324527739526263,0.2990398283890707,17.843064744459973,0.4860456842951874,4.924539988184359
19107,19107_phase3_R71NoCue_1905011528.log,belief,161.55684532489167,335.0765190722923,0.6649976104583093,0.0001541454588196239,3.286850982380918,,
19107,19107_phase3_R71NoCue_1905011528.log,belief_ck,64.2978630575411,152.5213829601001,0.850128009815029,0.2492820904625629,11.650251307951985,0.41859051640009226,4.23191863215142
19107,19107_phase3_R71NoCue_1906101300.log,belief,293.8139191347689,600.0729908056805,0.5582412148857894,0.00212607102690885,1.8361124031736846,,
19107,19107_phase3_R71NoCue_1906101300.log,belief_ck,215.016582480684,454.9234700336535,0.6527114027726986,0.10525495409649253,1.7868263259947614,0.3519865190435604,2.100293585248154
19107,19107_phase3_R71NoCue_1906111146.log,belief,277.84012989924076,568.4741191089138,0.6293505381443383,0.0006958717131428786,2.8676217169204037,,
19107,19107_phase3_R71NoCue_1906111146.log,belief_ck,178.65561313565962,382.8989448921838,0.7424799921808691,0.024533435371044906,1.8208819297279772,0.4978043429096012,2.315019765097469
19107,19107_phase3_R71NoCue_1906121208.log,belief,348.2343756616182,708.9570851245638,0.5085543156746363,0.5053694592951915,100.0,,
19107,19107_phase3_R71NoCue_1906121208.log,belief_ck,90.08818337810457,205.1530343588641,0.839517034509925,0.30348674606101284,8.006787197469368,0.3733557477861791,4.32309929177392
19107,19107_phase3_R71NoCue_1906131149.log,belief,517.3766197466643,1048.4236086656233,0.5733155900182891,0.005468637369392833,2.164388692167876,,
19107,19107_phase3_R71NoCue_1906131149.log,belief_ck,322.59940670142055,672.5395517474303,0.7068893847960918,0.1681349342447981,3.757126643433203,0.4421306800053065,2.4611269308889074
19107,19107_phase3_R71NoCue_1906141228.log,belief,325.3092985938268,663.7798754622235,0.6368686695159437,0.0035014966364169285,3.0621925308858273,,
19107,19107_phase3_R71NoCue_1906141228.log,belief_ck,244.9099265438019,516.1424096367437,0.7119974872411753,0.08285245398486733,3.2488196720062272,0.3487829608175479,2.229528293430865
19107,19107_phase3_R71NoCue_1906171024.log,belief,440.5408334511585,894.7861520404208,0.6277031065188247,0.004093964454962228,2.949964288457703,,
19107,19107_phase3_R71NoCue_1906171024.log,belief_ck,303.5682301534369,634.5454305830813,0.7254982279300158,0.09626762878699478,2.988066121575212,0.45476784730920994,2.3243252697297456
19107,19107_phase3_R71NoCue_1906191140.log,belief,416.8479347277915,846.6681910334711,0.5297029374815994,0.0043894124719632225,1.3247638313672758,,
19107,19107_phase3_R71NoCue_1906191140.log,belief_ck,170.71886720103325,367.38237755784286,0.7708648785232938,0.28179666456895364,4.32648338092911,0.5708315391120657,2.8674913758377585
19107,19107_phase3_R71NoCue_1906201104.log,belief,107.26279348934227,224.97708032611095,0.5617593714669984,0.5163946055323375,100.0,,
19107,19107_phase3_R71NoCue_1906201104.log,belief_ck,22.449037673882227,65.80106204261726,0.8863053482188269,0.24224520833706314,4.229328769443495,0.3469070860011247,4.822366963046062
19107,19107_phase3_R71NoCue_1906211115.log,belief,470.7500898527735,954.644744790935,0.5176832376705601,0.009988644795246178,1.0231658147908675,,
19107,19107_phase3_R71NoCue_1906211115.log,belief_ck,198.4190628503686,423.1272558715132,0.7576686100735511,0.20248774263485902,3.487384126945337,0.5006904984403627,2.8758723309941625
19107,19107_phase3_R71NoCue_1906241015.log,belief,321.8566919208233,656.5005653495479,0.5837853629852238,0.0007455595470654265,2.2274204496584917,,
19107,19107_phase3_R71NoCue_1906241015.log,belief_ck,154.2863791815552,334.1471213789129,0.7725921582930998,0.20287605339083997,4.1862979326564576,0.5979684596143604,2.8458829918826236
19107,19107_phase3_R71NoCue_1906250953.log,belief,338.4874410149369,689.3880338833237,0.5053852057146541,0.4957801529204673,99.09447599821466,,
19107,19107_phase3_R71NoCue_1906250953.log,belief_ck,167.13125546493256,359.0888146367648,0.7139386988072901,0.37916122537924657,8.69769227468937,0.46111651613423243,2.6675523264990035
19107,19107_phase3_R71NoCue_1906261101.log,belief,149.33591467684613,311.0110508186752,0.7316754544747086,0.0011961158197651024,4.280307456549005,,
19107,19107_phase3_R71NoCue_1906261101.log,belief_ck,90.3583773417347,205.39519761343522,0.8277581453761966,0.11349599084158316,5.11813285182194,0.4768436627414336,3.087955304751647
19107,19107_phase3_R71NoCue_1906271004.log,belief,394.37717875225934,801.8735879795051,0.5720047966330513,0.006775962427738871,2.1635009705425285,,
19107,19107_phase3_R71NoCue_1906271004.log,belief_ck,175.6416139499339,377.5216888498408,0.7797482594110671,0.12481427302037282,2.814943954757458,0.5730920311259832,2.7633247128826324
19107,19107_phase3_R71NoCue_1906280908.log,belief,274.351249155605,561.1357105133798,0.5783319404339622,5.583232348927393e-05,2.105283671909936,,
19107,19107_phase3_R71NoCue_1906280908.log,belief_ck,109.81123781684892,244.4889000380373,0.8031738342792599,0.16956364496623016,3.8230790560385977,0.56988951223529,3.1993314631496372
19107,19107_phase3_R71NoCue_1907011041.log,belief,239.07444590809337,490.6372256175142,0.6286238429700765,0.0005916938470986184,2.8643040569004916,,
19107,19107_phase3_R71NoCue_1907011041.log,belief_ck,86.5943160936304,198.16529978991574,0.8452318563115672,0.07211592364540763,4.40448473949501,0.3998680888049323,3.7019523977503734
19107,19107_phase3_R71NoCue_1907021040.log,belief,268.7642789552812,550.1915616103498,0.6198806903571297,0.0011717092531556145,2.784979280856927,,
19107,19107_phase3_R71NoCue_1907021040.log,belief_ck,115.70191235982985,256.72983211923446,0.8139345766329121,0.1715549265763149,6.053752280676177,0.5616632496898848,3.3044847414517213
19107,19107_phase3_R71NoCue_1907031025.log,belief,352.36291367345143,717.6299252557773,0.5736261127792162,0.0016120546476383628,2.110187697225267,,
19107,19107_phase3_R71NoCue_1907031025.log,belief_ck,149.77609033792044,325.3603764935898,0.7895912360729109,0.17177352524285533,4.682829706418245,0.6050598636881166,3.0076226026545463
19107,19107_phase3_R71NoCue_1907091050.log,belief,234.88907913463456,482.3389499471895,0.6441219616328564,0.000821135728560244,3.1876255755210163,,
19107,19107_phase3_R71NoCue_1907091050.log,belief_ck,124.82322711780405,274.7680375914489,0.7915586032600552,0.08897306395439103,4.471764916326373,0.42930892043786323,3.2418295451090033
19107,19107_phase3_R71NoCue_1907111100.log,belief,315.55625074799156,643.6882186163067,0.5562509252905062,0.03165997767537194,2.142087110980209,,
19107,19107_phase3_R71NoCue_1907111100.log,belief_ck,121.50724350888196,268.16592125841106,0.7978378521303297,0.25831870649011723,6.287376121685615,0.6441090297989215,3.01504234799924
19107,19107_phase3_R71NoCue_1907211530.log,belief,223.01470372569514,457.84013114749945,0.5446186290706242,0.0014837243591990562,1.6107110097203814,,
19107,19107_phase3_R71NoCue_1907211530.log,belief_ck,116.99780472632202,257.6170568448623,0.7270244953708852,0.2630183209020584,5.6395081354365235,0.43829497751141033,2.648261383856613
19109,19109_phase3_R71NoCue_1906131148.log,belief,473.0042321118727,959.4000620578623,0.5572854646986051,0.017769787127428365,2.0211341206900157,,
19109,19109_phase3_R71NoCue_1906131148.log,belief_ck,227.00378277292953,480.79076121409304,0.7553319171653922,0.22923218168049173,4.688630257740635,0.4296545667356661,2.804744882300341
19109,19109_phase3_R71NoCue_1906141225.log,belief,422.10380449731804,857.4450869616705,0.5691811776991627,0.003029046866009973,2.0696331931371623,,
19109,19109_phase3_R71NoCue_1906141225.log,belief_ck,251.15337930188466,528.7817145378382,0.7151104566314783,0.2181772341760536,3.9414513464653465,0.48763579398674484,2.4101529181473316
19109,19109_phase3_R71NoCue_1906171021.log,belief,364.6449358977577,742.428834636344,0.5996413979607399,0.0005602470650683462,2.486729380247443,,
19109,19109_phase3_R71NoCue_1906171021.log,belief_ck,196.8964410132703,420.0708077081978,0.7586975307810305,0.07766780911526505,2.900428473034124,0.40198452653238653,2.814802192920379
19109,19109_phase3_R71NoCue_1906181058.log,belief,351.48540205594077,716.0985151649458,0.6091150585574597,0.007021217280363181,2.7731806245621353,,
19109,19109_phase3_R71NoCue_1906181058.log,belief_ck,204.6164225932249,435.4882672925783,0.7493129031940559,0.23033561605856415,5.74988321218409,0.47756530784287604,2.6752613285189066
19109,19109_phase3_R71NoCue_1906191136.log,belief,287.2377631875002,587.6423448193179,0.6721417793663613,0.006040972957543381,3.6657816464521797,,
19109,19109_phase3_R71NoCue_1906191136.log,belief_ck,221.7853899652241,469.9044168190833,0.7358293053583189,0.1589348662603472,4.961114307115338,0.46951981722997316,2.2028671158039406
19109,19109_phase3_R71NoCue_1906201128.log,belief,126.34659607889759,263.2494214762562,0.5248590701696602,0.5100247406766327,100.0,,
19109,19109_phase3_R71NoCue_1906201128.log,belief_ck,27.80910203761848,76.73066271215903,0.86772262342172,0.03377253014040479,3.816915208922367,0.2528468730208592,5.392596381346633
19109,19109_phase3_R71NoCue_1902151229.log,belief,375.62008568885244,763.8380698714168,0.5013363235187067,0.5021444856615198,97.13419850180347,,
19109,19109_phase3_R71NoCue_1902151229.log,belief_ck,259.87445984562123,544.9447166786663,0.6202017788526297,0.33765329619202106,2.1208327489548693,0.27903691353354476,2.2608885560419334
19109,19109_phase3_R71NoCue_1902181419.log,belief,313.30374797201324,638.8348603036909,0.49999864783488374,0.999999,0.001,,
19109,19109_phase3_R71NoCue_1902181419.log,belief_ck,190.3666514769537,405.1880316732363,0.6562817021960387,0.40937150444277726,7.232290351339101,0.38497288538346375,2.3317061051193044
19109,19109_phase3_R71NoCue_1902191658.log,belief,451.90949649400653,916.7790821118664,0.5000172282347484,0.999999,0.030700520560675987,,
19109,19109_phase3_R71NoCue_1902191658.log,belief_ck,174.95243787515733,375.82505399802125,0.7646539045092169,0.496025628523378,100.0,0.19617549106463242,3.3046321572842734
19109,19109_phase3_R71NoCue_1902201513.log,belief,228.5870390619409,468.7722634328029,0.5002296444216927,0.502070687716339,40.31941529221253,,
19109,19109_phase3_R71NoCue_1902201513.log,belief_ck,128.57159278534965,280.3395561885414,0.6773203772379934,0.2742095126014325,0.6146178609389639,0.4070563778653314,2.4104739236628743
19109,19109_phase3_R71NoCue_1902211506.log,belief,65.5469224996171,140.47654076369247,0.5480723841782082,1e-06,1.6416703853529226,,
19109,19109_phase3_R71NoCue_1902211506.log,belief_ck,29.812328399768095,78.39004832845276,0.7607065549656956,0.036178107033653914,1.7968742131266595,0.6911148430113527,2.4603064207997063
19109,19109_phase3_R71NoCue_1902221318.log,belief,217.49344102294873,446.504685593652,0.5035364465552178,0.5033233723746383,100.0,,
19109,19109_phase3_R71NoCue_1902221318.log,belief_ck,194.93851711635315,412.91264132821544,0.5406690074628017,0.6392844927026488,1.289188503982211,0.043497073451419926,1.9506010062318695
19109,19109_phase3_R71NoCue_1902251502.log,belief,356.5427043915068,725.5737425843411,0.5004157976432168,0.999999,0.14265351444977095,,
19109,19109_phase3_R71NoCue_1902251502.log,belief_ck,273.27940008750215,571.5354677776593,0.5882286113566535,0.15119340272136608,0.722746706381714,0.2939618872110885,1.9413512654632843
19109,19109_phase3_R71NoCue_1902261744.log,belief,190.5362495848798,392.3914636012789,0.5148450119017352,0.16261500651730182,1.6439364862181791,,
19109,19109_phase3_R71NoCue_1902261744.log,belief_ck,177.0659090623331,376.7697469877047,0.5395853056357667,0.23373960737703225,1.7914565023662499,0.37479118583959814,1.0810508001624584
19109,19109_phase3_R71NoCue_1903151137.log,belief,494.0964321900527,1001.3318272209341,0.5000824104016597,0.999999,0.0676663538157047,,
19109,19109_phase3_R71NoCue_1903151137.log,belief_ck,71.62299436869183,169.52391441904086,0.9044276127018742,0.09605958555932757,3.9545052835038303,0.32822177965573035,5.484659509154865
19109,19109_phase3_R71NoCue_1903181512.log,belief,242.67819542783957,497.34929503291715,0.5467973048721008,0.5141375858360268,100.0,,
19109,19109_phase3_R71NoCue_1903181512.log,belief_ck,26.805519020028125,77.59684639453234,0.9354941416327489,0.48072536240521035,100.0,0.23889788442814996,5.662620154427693
19109,19109_phase3_R71NoCue_1903191553.log,belief,374.24401512082,761.0711685207566,0.5000513566943207,0.999999,0.05112240662015441,,
19109,19109_phase3_R71NoCue_1903191553.log,belief_ck,37.78871804103415,100.74371264030158,0.9324133001628067,0.9302138466544508,1.0857242440524177,0.36405669167218446,4.6789340923224065
19109,19109_phase3_R71NoCue_1903201639.log,belief,141.13870970871946,292.93317175501807,0.5040199806659753,0.5039456084665591,100.0,,
19109,19109_phase3_R71NoCue_1903201639.log,belief_ck,42.894673041393034,107.10085075794439,0.812023037301376,0.005610912983327153,4.000206671994578,0.23233265658648478,4.90107243204897
19109,19109_phase3_R71NoCue_1903211559.log,belief,233.36233292281185,479.04708048901387,0.6112033275323703,8.599757271218273e-05,2.5926618327910202,,
19109,19109_phase3_R71NoCue_1903211559.log,belief_ck,112.92535300547121,250.4955352977227,0.7880142217651885,0.0016126051578215076,1.8305989917585892,0.6533381731062256,2.5729458590220227
19109,19109_phase3_R71NoCue_1903221703.log,belief,249.2882783632122,511.2957044637692,0.6496674910281668,0.0010321578538337107,3.1817309138482064,,
19109,19109_phase3_R71NoCue_1903221703.log,belief_ck,137.90469635588667,301.2476881864628,0.7877382297501038,0.04413894375032857,2.5173899433280518,0.5416258628890303,2.607997020878207
19109,19109_phase3_R71NoCue_1903251721.log,belief,361.94679444343694,736.8133977956289,0.5675497272460934,0.005442778526157313,2.0557001267509665,,
19109,19109_phase3_R71NoCue_1903251721.log,belief_ck,189.64709457030213,405.1338069581144,0.7432020631528383,0.36018635226595563,9.587401243406674,0.4954353768990364,2.7162467723489496
19109,19109_phase3_R71NoCue_1903261657.log,belief,345.2087661491545,702.9097458292721,0.5122158110864244,0.032296817449603686,1.0166973226736562,,
19109,19109_phase3_R71NoCue_1903261657.log,belief_ck,194.65083425274926,414.28609556742475,0.6857581263399348,0.18614949450803714,3.260682473050552,0.5156203314405806,2.38215883154728
19109,19109_phase3_R71NoCue_1903281618.log,belief,384.6988978367324,782.0357319009577,0.4999980066472503,0.999999,0.001,,
19109,19109_phase3_R71NoCue_1903281618.log,belief_ck,79.86069286516096,184.99725818530766,0.8659802815102459,0.09925091270810488,5.830945903659531,0.3989141711319253,4.790107374776082
19109,19109_phase3_R71NoCue_1903291553.log,belief,243.50868904142098,499.1542292593302,0.5691122883924592,0.0023201719818586376,2.025269441160457,,
19109,19109_phase3_R71NoCue_1903291553.log,belief_ck,99.50779605966376,223.28929447230396,0.7942618227566038,0.0618408222275387,2.9272982709024404,0.42596600524138967,3.0855578603131555
19109,19109_phase3_R71NoCue_1904021702.log,belief,63.448326702657695,135.94023055941346,0.5017487788808711,0.5025247960494261,100.0,,
19109,19109_phase3_R71NoCue_1904021702.log,belief_ck,23.297254917611106,64.68166414341837,0.7762885138394273,0.4910197712953962,100.0,0.40369496191841714,3.377421921440593
19109,19109_phase3_R71NoCue_1904021715.log,belief,235.1169682021382,481.8918276394968,0.5008140048094436,0.501980769684422,82.86940089466674,,
19109,19109_phase3_R71NoCue_1904021715.log,belief_ck,61.62763940022588,146.57106127089259,0.8342202999012407,0.4821985254255332,100.0,0.5166648440104589,3.9185502446016174
19109,19109_phase3_R71NoCue_1904041509.log,belief,393.13755751498724,799.1085795949991,0.5260381028832557,1e-06,1.1550016192864503,,
19109,19109_phase3_R71NoCue_1904041509.log,belief_ck,205.31569153846857,436.29831220698645,0.7149925498671719,0.012814622035346862,1.0081916951252317,0.48448430967086425,2.49226210059426
19109,19109_phase3_R71NoCue_1904051625.log,belief,169.3495430548521,351.04665831750805,0.7027096079092466,0.0004885361260691657,3.9009766554155427,,
19109,19109_phase3_R71NoCue_1904051625.log,belief_ck,87.99115791332866,200.67746024226508,0.832505948073995,0.16276074641212404,9.568247570729035,0.40379757621891726,4.314665444090755
19109,19109_phase3_R71NoCue_1904081544.log,belief,58.85430760632092,127.21579559485457,0.6020801393170317,0.01269238452880535,2.8318369330366155,,
19109,19109_phase3_R71NoCue_1904081544.log,belief_ck,50.56320881061484,120.14077838565514,0.646689031675323,0.049858395492282305,2.1410842979444453,0.5162234138472536,1.4762609844622119
19109,19109_phase3_R71NoCue_1904101516.log,belief,58.39360513720807,125.91590665735181,0.5442934648265678,2.620419513179114e-05,1.557950159453507,,
19109,19109_phase3_R71NoCue_1904101516.log,belief_ck,22.099979301418813,62.45735136870897,0.7943682631846626,0.04054777319919168,3.7523757599484844,0.3424726289533918,3.8743281576213495
19109,19109_phase3_R71NoCue_1904111558.log,belief,43.387022665842785,96.06282712996831,0.6589003892873769,0.0012331397338252055,3.346322631691934,,
19109,19109_phase3_R71NoCue_1904111558.log,belief_ck,30.02857272189476,78.634709040355,0.7492097638179339,0.012652453107798457,2.3204821975459433,0.6566973320648563,2.098524161529332
19109,19109_phase3_R71NoCue_1904171628.log,belief,450.55356257143814,914.0610698686556,0.4999939268003658,0.9999964740344153,0.001,,
19109,19109_phase3_R71NoCue_1904171628.log,belief_ck,261.5742013281986,549.056292107956,0.6686985968849632,0.07338510895827825,1.2897754045598173,0.37708382268801227,2.2562602260066296
19109,19109_phase3_R71NoCue_1904221649.log,belief,418.5462240378191,850.0586627785526,0.5273035311332581,0.5097617330453474,100.0,,
19109,19109_phase3_R71NoCue_1904221649.log,belief_ck,144.58867696438872,315.1097833346062,0.8016496564338925,0.48811095042931973,6.432982120933832,0.3972050179157529,3.258849336882134
19109,19109_phase3_R71NoCue_1904231738.log,belief,417.3505104934289,848.0476169223931,0.5900052126795367,0.0004538725880861423,2.3516365691074066,,
19109,19109_phase3_R71NoCue_1904231738.log,belief_ck,217.28684492955202,461.26688173017465,0.7598008503898449,0.08779788348598865,2.168577181577972,0.4755582906650152,2.6743458961923348
19109,19109_phase3_R71NoCue_1904241628.log,belief,204.95416233482808,422.0218926961134,0.6187918514664397,2.093414117156254e-05,2.6650604786424643,,
19109,19109_phase3_R71NoCue_1904241628.log,belief_ck,109.52952784089742,243.28619173470932,0.7737476958538222,0.0020699766202596816,1.72564514046484,0.4584758189823002,2.6660089590093086
19109,19109_phase3_R71NoCue_1904251539.log,belief,369.92906570981705,752.9023170159744,0.5804141770501859,8.346024622480242e-05,2.1349127992647867,,
19109,19109_phase3_R71NoCue_1904251539.log,belief_ck,154.99207389081263,336.07251897430586,0.7961803723101804,0.009110916150473996,2.2278712588911778,0.3652147778727249,3.127025800672614
19109,19109_phase3_R71NoCue_1904261625.log,belief,391.59097573797146,795.8556029382358,0.5000329048688755,0.999999,0.046261325699230235,,
19109,19109_phase3_R71NoCue_1904261625.log,belief_ck,92.74526393129874,210.83783078718324,0.8486139482142342,0.7978673966153159,1.4022992779047592,0.38793029949831365,3.6058550058870513
19109,19109_phase3_R71NoCue_1904291635.log,belief,473.42126119016535,959.8955120994723,0.4999987285025518,0.999999,0.001,,
19109,19109_phase3_R71NoCue_1904291635.log,belief_ck,115.12033673718587,256.3466529126549,0.8448881684003235,0.13158276428148166,2.811608146273741,0.37415494164408,4.098758528942406
19109,19109_phase3_R71NoCue_1904301631.log,belief,388.0541168813741,789.0342926765895,0.5458622426660029,1e-06,1.5650154131644554,,
19109,19109_phase3_R71NoCue_1904301631.log,belief_ck,113.48380760384286,252.81973303536842,0.8377447480191789,0.18968806128769414,5.383015720685174,0.4965859886609094,3.7820178468886896
19109,19109_phase3_R71NoCue_1905011531.log,belief,442.92871579358433,898.7772404959237,0.4999940004931311,0.999999,0.001,,
19109,19109_phase3_R71NoCue_1905011531.log,belief_ck,138.07933825463766,301.99829432678547,0.805665527140034,0.11956203818128135,2.9832360889658402,0.4131750950023811,3.537534932145405
19109,19109_phase3_R71NoCue_1906181100.log,belief,428.53649382910464,870.3761314053887,0.5748393200029972,0.021674257603179717,2.394778419571206,,
19109,19109_phase3_R71NoCue_1906181100.log,belief_ck,278.6520906524231,583.9104687992051,0.6976654277556844,0.23607459469167263,4.259372129356477,0.6041852598511022,2.1151334704276814
19109,19109_phase3_R71NoCue_1906201114.log,belief,69.09913739214475,147.40861515626568,0.501079066030191,0.999819271622062,0.27853717249794646,,
19109,19109_phase3_R71NoCue_1906201114.log,belief_ck,26.859177448659683,72.13903564127173,0.7644552621012138,0.13708860877000273,3.230602751935298,0.3317183468704831,3.4289829599104307
19109,19109_phase3_R71NoCue_1906211120.log,belief,64.05726127780235,137.17972154191122,0.5021844705002764,0.999999,0.4341520612951692,,
19109,19109_phase3_R71NoCue_1906211120.log,belief_ck,30.82105097218553,79.77249991698409,0.7179113753313082,0.017691389468747043,0.7802334255745725,0.5491301589387785,2.553674051507782
19109,19109_phase3_R71NoCue_1906241024.log,belief,290.13660999853147,592.6579449760127,0.5524864334048842,0.0017822475241661636,1.7326390862444203,,
19109,19109_phase3_R71NoCue_1906241024.log,belief_ck,167.0184409978329,358.8063319535653,0.7106672197637988,0.10218695846817723,1.7814004054665007,0.5201148979235558,2.390506068994241
19109,19109_phase3_R71NoCue_1906250949.log,belief,294.7321462218853,602.0804893267896,0.5845852103603284,0.002233197483328771,2.2549285010831532,,
19109,19109_phase3_R71NoCue_1906250949.log,belief_ck,212.1578084403045,449.5480106466471,0.6794687096579877,0.35951964665060937,8.261648858699399,0.5942530728343178,1.9747826865464766
19109,19109_phase3_R71NoCue_1906261106.log,belief,329.9644624121454,672.7261146933612,0.5775121904485107,0.0015932708872733205,2.155205131953032,,
19109,19109_phase3_R71NoCue_1906261106.log,belief_ck,243.8569009951076,513.308181728356,0.6664754894000513,0.06166673417811414,2.041064293487925,0.3397872019735739,2.085417244186214
19109,19109_phase3_R71NoCue_1906271007.log,belief,228.76356544515303,469.77211650933486,0.6055158826934963,0.0007686002233341543,2.549236784206691,,
19109,19109_phase3_R71NoCue_1906271007.log,belief_ck,151.35984051940403,327.2096522768656,0.7175379255590617,0.20332305415088542,4.5696880609237915,0.5165634617673155,2.4175074349408767
19109,19109_phase3_R71NoCue_1906280909.log,belief,305.95597693960406,624.549890106701,0.576216379184459,0.005231347676724498,2.165198430702008,,
19109,19109_phase3_R71NoCue_1906280909.log,belief_ck,163.5128676972038,352.30160784939335,0.7448162169934571,0.21351506169050136,4.085078417666116,0.6210571139078833,2.471337434187066
19109,19109_phase3_R71NoCue_1907011043.log,belief,248.96428083288595,510.01857229384393,0.5543479333731642,0.00014040640636504186,1.76112907473115,,
19109,19109_phase3_R71NoCue_1907011043.log,belief_ck,109.60648593407187,243.39299312428778,0.771259019389661,0.10421863057705086,2.2072382001996504,0.49618429791208957,2.955942288890202
19109,19109_phase3_R71NoCue_1907091052.log,belief,218.21870791430453,448.3282570458222,0.5648171875343005,1e-06,1.8849550585989032,,
19109,19109_phase3_R71NoCue_1907091052.log,belief_ck,118.89408236681295,261.5698471680522,0.7325372740457641,0.184382046603258,2.578409339552783,0.4565198194814951,2.747529722820154
19109,19109_phase3_R71NoCue_1907101039.log,belief,242.6594312162724,497.79941412288633,0.6231174007323285,0.002110089318956831,2.8620753148286484,,
19109,19109_phase3_R71NoCue_1907101039.log,belief_ck,135.08958423300643,295.14027184669595,0.7684863155438801,0.0706821311852655,2.868988669455323,0.5674778819358564,2.581484534760992
19109,19109_phase3_R71NoCue_1907211513.log,belief,22.80467949214695,52.60237410722686,0.5010492428019756,0.49815649199365075,100.0,,
19109,19109_phase3_R71NoCue_1907211513.log,belief_ck,8.122025420960616,30.230081087787156,0.7818268499513054,0.039904268023523475,9.353729725813436,0.999999,5.9014736256447
19109,19109_phase3_R71NoCue_1907211518.log,belief,267.8204028850739,547.9076018561411,0.559363739425333,0.0019220350926406745,1.8527526971802337,,
19109,19109_phase3_R71NoCue_1907211518.log,belief_ck,185.45076374307268,395.43511965813195,0.6687939161114731,0.1831340427497221,2.1825215115393393,0.5211324235150071,2.0495300696820826
19109,19109_phase3_R71NoCue_1907221137.log,belief,226.4821266115165,464.55028043980127,0.5013282070711546,0.47762037352770254,9.052998097660998,,
19109,19109_phase3_R71NoCue_1907221137.log,belief_ck,121.52668527963819,266.225424992813,0.6903833977260573,0.4613138907113392,34.141779058060315,0.35815193460797906,2.7987688336003966
19109,19109_phase8_R71NoCueWithPupil_1904081558.log,belief,131.39462150240053,273.283291149122,0.5007989081119231,0.4623403542273005,4.256879417022712,,
19109,19109_phase8_R71NoCueWithPupil_1904081558.log,belief_ck,45.043734549639716,111.07556538792137,0.788934256184175,0.3101074431002347,6.842813614867968,0.3628737233647382,3.487407333046047
19109,19109_phase8_R71NoCueWithPupil_1904091517.log,belief,193.02469498350902,397.3118135306608,0.5006516220791876,0.5015623122668387,91.31173427650207,,
19109,19109_phase8_R71NoCueWithPupil_1904091517.log,belief_ck,49.9472916937459,122.41943051477728,0.8360870446911434,0.0535220481702914,2.5860381190624655,0.2961837912582143,4.109679072693252
19109,19109_phase8_R71NoCueWithPupil_1904101528.log,belief,186.8024452902061,385.43729470562704,0.6044050856715474,0.0001131330368163877,2.50976514529021,,
19109,19109_phase8_R71NoCueWithPupil_1904101528.log,belief_ck,110.54043866164358,244.74568557371688,0.7423364775200667,0.05204541082828156,1.954508641644523,0.48001954375886774,2.528367083727203
19109,19109_phase8_R71NoCueWithPupil_1904111613.log,belief,233.63472656428763,479.00238924244184,0.5158935932105936,0.0003926630716977386,0.9320534091913371,,
19109,19109_phase8_R71NoCueWithPupil_1904111613.log,belief_ck,94.81591787732832,213.0977079823898,0.764448718817584,0.21730474925163928,3.8746897000906566,0.4657443665120084,3.035233022733055
19111,19111_phase3_R71NoCue_1905081628.log,belief,70.63887757050277,150.5277007675741,0.5003046753708189,0.4987653896117469,94.93770201512652,,
19111,19111_phase3_R71NoCue_1905081628.log,belief_ck,48.44457002231619,115.38903129776946,0.6219181634440669,0.5106822036960921,10.653208287991022,0.45532909163435786,1.9968231301133617
19111,19111_phase3_R71NoCue_1905091555.log,belief,141.5098661616248,293.66575228152647,0.5014296151636751,0.5022993800485835,100.0,,
19111,19111_phase3_R71NoCue_1905091555.log,belief_ck,56.6165276157864,134.52509514812644,0.7586777348689319,0.00022264115418645948,1.6018007967577566,0.22833170846876433,3.1977010085553865
19111,19111_phase3_R71NoCue_1905101640.log,belief,157.3265634377131,325.503026910389,0.5000393111254476,0.5050805297308117,6.708167000018956,,
19111,19111_phase3_R71NoCue_1905101640.log,belief_ck,66.125700590757,153.9512012514396,0.7472894797876416,0.04070836299327669,0.8480297625834767,0.3355605282607262,3.0040901577771617
19111,19111_phase3_R71NoCue_1905131632.log,belief,140.7731813495738,292.4398374424802,0.5451027586593691,0.513573552730327,100.0,,
19111,19111_phase3_R71NoCue_1905131632.log,belief_ck,23.601128363475908,68.98920621361705,0.9032743044249056,0.9523677300246807,1.6968850015577075,0.5944043926421905,4.114683376348234
19111,19111_phase3_R71NoCue_1905141649.log,belief,312.6215594059775,637.4704831716194,0.5007538489201989,0.47594372305986055,6.2205165297664555,,
19111,19111_phase3_R71NoCue_1905141649.log,belief_ck,184.2304424492352,392.9156136177993,0.665251925688077,0.0007150876392311801,0.5975130138634738,0.36067381375278196,2.2852948898115533
19111,19111_phase3_R71NoCue_1905151542.log,belief,134.23978269939292,279.0152817169125,0.5005951227801251,0.4986620782008695,99.99999999803822,,
19111,19111_phase3_R71NoCue_1905151542.log,belief_ck,51.31580960152991,123.70305183931313,0.7675785323447106,0.49445907198047995,100.0,0.5534221413301315,2.887661779705378
19111,19111_phase3_R71NoCue_1905161608.log,belief,561.0510475288337,1135.5109237675956,0.5028001226932333,0.032229409955072945,0.453258427297626,,
19111,19111_phase3_R71NoCue_1905161608.log,belief_ck,393.98059467899145,814.7788467778394,0.6170412779726986,0.07406073830547662,0.5440963299409092,0.3185013218799488,2.0786530148802105
19111,19111_phase3_R71NoCue_1905201439.log,belief,186.0634900924611,383.547834219672,0.5400442103106879,0.5122712580879689,100.0,,
19111,19111_phase3_R71NoCue_1905201439.log,belief_ck,64.56170668946,151.96512144841947,0.8075256289698052,0.6735416014968759,0.747444175183302,0.34339376948138056,3.328407344554613
19111,19111_phase3_R71NoCue_1905211326.log,belief,135.40924108923673,281.5221984454256,0.5263704914759179,0.5096924163283387,100.0,,
19111,19111_phase3_R71NoCue_1905211326.log,belief_ck,100.12390977323689,221.65525208037803,0.6221830733535189,0.7933563074804568,1.1652348699183317,0.27797561568306495,2.1427352201707444
19111,19111_phase3_R71NoCue_1905211355.log,belief,50.92530088678259,110.53821261727253,0.5161450006398806,0.0053281283512017575,0.9695823225349267,,
19111,19111_phase3_R71NoCue_1905211355.log,belief_ck,32.14609088194582,81.66740345130637,0.6587035461670779,0.010794142605770104,2.4967674997390654,0.0007390927550922385,100.0
19111,19111_phase3_R71NoCue_1905241253.log,belief,138.08945195798896,287.3683266751816,0.5984910623118894,0.5207966638518,100.0,,
19111,19111_phase3_R71NoCue_1905241253.log,belief_ck,30.425831254020256,83.23050802644786,0.8930549379091758,0.024515324266159478,2.3170525538954547,0.2220515366552654,5.461040738329352
19111,19111_phase3_R71NoCue_1905261510.log,belief,149.5925176381675,310.0349353112978,0.5173695437171232,0.507631793538705,100.0,,
19111,19111_phase3_R71NoCue_1905261510.log,belief_ck,80.03295586906123,181.76571180804805,0.7028807107707241,1e-06,2.111696053369677,0.033155816818232944,4.319982983874553
19111,19111_phase3_R71NoCue_1905261629.log,belief,136.61090166353148,283.83833872186534,0.5084992225548438,0.5052646084941096,100.0,,
19111,19111_phase3_R71NoCue_1905261629.log,belief_ck,90.57470362441495,202.38247803843473,0.6386558012612976,0.8922990828342549,1.0498367275861535,0.14632658376846458,2.4544371746312246
19111,19111_phase3_R71NoCue_1905271346.log,belief,96.13547542388812,202.2381640911929,0.5176467803990923,0.507906887937428,100.0,,
19111,19111_phase3_R71NoCue_1905271346.log,belief_ck,70.69985887595269,161.3341442387387,0.6161618485913012,0.525105892197253,3.7444144714656757,0.32382494247719207,2.0353304640769494
19111,19111_phase3_R71NoCue_1905281430.log,belief,182.80856589304938,376.7690299923914,0.5003453650076525,0.8980139381599838,0.26798436410769627,,
19111,19111_phase3_R71NoCue_1905281430.log,belief_ck,162.56127966784067,347.4263557482666,0.5402288553588338,0.9276854910178364,0.5007705265179344,0.48655531112042977,1.189669119974306
19111,19111_phase3_R71NoCue_1905291545.log,belief,257.8561985141814,527.5555538676505,0.500922699973611,0.5121528072286079,13.813226563046824,,
19111,19111_phase3_R71NoCue_1905291545.log,belief_ck,177.0246983909752,377.7357104605257,0.6221356976425974,0.07868743848698667,0.7066954926190627,0.23133922031053764,2.3357999393195006
19111,19111_phase3_R71NoCue_1905301320.log,belief,179.46948568974915,370.22278552137453,0.5291853047541095,0.510171521802512,100.0,,
19111,19111_phase3_R71NoCue_1905301320.log,belief_ck,106.1018259942302,234.77128027221283,0.686432344547646,0.9999974494917022,0.31627377550740193,0.10899979427105207,3.050570262744521
19111,19111_phase3_R71NoCue_1905311349.log,belief,335.3261056093527,683.0246284665063,0.5015904089703036,0.03717717348217173,0.3387348214010949,,
19111,19111_phase3_R71NoCue_1905311349.log,belief_ck,261.8035123184573,548.3518591325166,0.5835119459373638,0.16281000308225638,0.5811193536856742,0.19204008219232646,2.0466316276978183
19111,19111_phase3_R71NoCue_1906031334.log,belief,490.5070064096702,994.1752910939103,0.5064575094228159,0.5045859491825258,100.0,,
19111,19111_phase3_R71NoCue_1906031334.log,belief_ck,303.69454013287293,633.7116368148857,0.6562503351218774,0.46627741852760063,8.294156005610382,0.1351345816513537,2.629479491429478
19111,19111_phase3_R71NoCue_1906041431.log,belief,357.48299656349764,727.469800893327,0.5021823888406024,0.9999671309190216,0.34784161446249384,,
19111,19111_phase3_R71NoCue_1906041431.log,belief_ck,316.8126068915259,658.6328293157153,0.5431178677021239,0.012956860524331038,0.6026569705235748,0.027717057187931948,2.2971463830691023
19111,19111_phase3_R71NoCue_1906061226.log,belief,377.8691425634826,768.4012888267526,0.5104998055110057,0.5058729023850269,100.0,,
19111,19111_phase3_R71NoCue_1906061226.log,belief_ck,237.57364864284932,500.47330468527343,0.6552562410256623,0.00044143377135375433,1.4275293009281558,0.03935940476269787,3.4738976384849343
19111,19111_phase3_R71NoCue_1906061410.log,belief,411.6347619290498,836.0466466691907,0.5006624641051503,0.999999,0.18541763034858333,,
19111,19111_phase3_R71NoCue_1906061410.log,belief_ck,205.9141154433344,437.3824765088513,0.7074600315267228,0.22810924125234278,0.9979027625767007,0.35007131229538374,2.7001919053528005
19111,19111_phase3_R71NoCue_1906071329.log,belief,388.13420866051376,788.927859132073,0.5006433365518534,0.4969283024512403,45.29390920887438,,
19111,19111_phase3_R71NoCue_1906071329.log,belief_ck,285.3098230718773,595.9385297658454,0.6013527010061807,0.4541411958269054,12.110067184212868,0.24460610531219457,2.18281779166475
19111,19111_phase3_R71NoCue_1906111410.log,belief,769.3938974466588,1552.8120254819303,0.49999976260135387,0.999999,0.001,,
19111,19111_phase3_R71NoCue_1906111410.log,belief_ck,424.6002095391268,877.2488802554791,0.6821383985530954,0.14895668549838337,1.16195546663283,0.36680725174081275,2.521067666107368
19111,19111_phase3_R71NoCue_1906121420.log,belief,323.94514132047425,660.24201718116,0.5099295896585528,0.5057936795851016,100.0,,
19111,19111_phase3_R71NoCue_1906121420.log,belief_ck,170.16167240362083,365.0268138876647,0.7020388948698956,0.22533739882356527,1.8256649268358198,0.22651689859756174,3.0126065111582423
19111,19111_phase3_R71NoCue_1906131422.log,belief,337.5524573744761,687.4814429951174,0.5000104924696563,0.999999,0.022491345703737526,,
19111,19111_phase3_R71NoCue_1906131422.log,belief_ck,18.795631604487387,62.34431970130513,0.9621405606123378,0.24731604198821633,21.712251982115482,0.4356522948772484,9.704621136358842
19111,19111_phase3_R71NoCue_1906141508.log,belief,231.40512379109342,474.438508645837,0.5011942324264317,0.5025445182503748,74.25095745139913,,
19111,19111_phase3_R71NoCue_1906141508.log,belief_ck,92.34414411332396,207.94481035394818,0.7590754028463348,0.06870252311767498,0.909770286397605,0.3535875316804358,3.087019150732727
19111,19111_phase3_R71NoCue_1906181503.log,belief,573.9291228879532,1161.296272084677,0.4999980329843532,0.999999,0.001,,
19111,19111_phase3_R71NoCue_1906181503.log,belief_ck,373.8675380594975,774.6111287365361,0.6366527897399882,0.12227796401357054,0.9950130608239323,0.3339302858602314,2.2950425859879724
19111,19111_phase3_R71NoCue_1906191344.log,belief,366.1805250298059,745.0801977969566,0.5307148964419662,0.5104182947751265,100.0,,
19111,19111_phase3_R71NoCue_1906191344.log,belief_ck,168.44516683652904,362.3286291477476,0.7471960904975746,0.13347174030456047,1.3985805907319158,0.1914256962516428,3.434432812119214
19111,19111_phase3_R71NoCue_1906201408.log,belief,318.05422451723626,648.3665494545936,0.5001093053661603,0.999999,0.07973019244470811,,
19111,19111_phase3_R71NoCue_1906201408.log,belief_ck,23.317910993224217,71.15202282669061,0.950467272993822,0.01226189145142193,8.676044963647792,0.02180920107742625,11.79076296594977
19111,19111_phase3_R71NoCue_1906211327.log,belief,606.6252482139229,1226.8080662232162,0.501510310298441,0.5021865206889495,100.0,,
19111,19111_phase3_R71NoCue_1906211327.log,belief_ck,335.8502593362047,698.8156582631501,0.6824389501195038,0.1940743845186522,1.5168073140325533,0.2884329732876096,2.720683133855553
19111,19111_phase3_R71NoCue_1906251159.log,belief,215.14670659207883,442.98819160346966,0.6860605920642568,0.5324833408858248,100.0,,
19111,19111_phase3_R71NoCue_1906251159.log,belief_ck,15.582903922565942,56.555364683755926,0.9730784727140404,0.17316292224345003,5.232828276769379,0.07466554199831352,7.864374174391193
19111,19111_phase3_R71NoCue_1907011239.log,belief,249.84167595013977,512.3212881277724,0.6375228356955858,0.5256327641793113,100.0,,
19111,19111_phase3_R71NoCue_1907011239.log,belief_ck,8.26353893113442,41.80295031725458,0.9852210375946626,0.139832002722279,2.1189729982934336,0.28885102159969306,7.1097192636618045
19111,19111_phase3_R71NoCue_1907021239.log,belief,219.88893554725007,452.087587282533,0.6269706877233063,0.5244852200054944,100.0,,
19111,19111_phase3_R71NoCue_1907021239.log,belief_ck,0.6931471805604149,26.0057267371865,0.9985294322810627,0.999999,0.001,0.999999,100.0
19111,19111_phase3_R71NoCue_1907051222.log,belief,134.60947702649068,280.71136043406165,0.6504686168042382,0.5283282723557703,100.0,,
19111,19111_phase3_R71NoCue_1907051222.log,belief_ck,14.566409341686953,52.11763144553451,0.9545282410196773,0.5216364296407616,100.0,0.22403030363416943,4.751441961103859
19111,19111_phase3_R71NoCue_1907081225.log,belief,159.2157824126547,329.84578535480716,0.5892197424453818,0.5204709442403588,100.0,,
19111,19111_phase3_R71NoCue_1907081225.log,belief_ck,32.21499590993722,87.25843287886994,0.8985018044357153,0.2972985462902523,0.7243817772976207,0.2004475220699165,4.188162918894914
19114,19114_phase3_R71NoCue_1905131647.log,belief,156.61147988274558,324.7217457373077,0.6072815998738649,0.5240513520874626,100.0,,
19114,19114_phase3_R71NoCue_1905131647.log,belief_ck,58.39921607521128,139.79600409405558,0.8302862446529197,0.5035908105107294,100.0,0.15596687123159805,3.3996301727183913
19114,19114_phase3_R71NoCue_1905141709.log,belief,349.28119667018376,711.042945030709,0.5061814725968118,0.5045270623727763,100.0,,
19114,19114_phase3_R71NoCue_1905141709.log,belief_ck,258.27522270593,541.5115487925431,0.6044354040525205,0.48589757154341,14.36833002385996,0.11846730916595784,2.438924721135789
19114,19114_phase3_R71NoCue_1905151600.log,belief,373.6069564994997,759.7933441408173,0.49999941913049584,0.9644495662979226,0.001,,
19114,19114_phase3_R71NoCue_1905151600.log,belief_ck,357.4959322738138,740.1507268312637,0.5151702969340071,0.15265883339197728,0.5364373628765042,0.08872948520878954,1.451786282415523
19114,19114_phase3_R71NoCue_1905241149.log,belief,79.68186342274291,169.1141214918881,0.5442979393558021,0.5131070796831638,100.0,,
19114,19114_phase3_R71NoCue_1905241149.log,belief_ck,34.138548678155615,87.77788664911583,0.7705893955072136,0.48253132241314683,100.0,0.07441354683074185,4.3330490522657
19114,19114_phase3_R71NoCue_1905241222.log,belief,47.03468413111252,102.50838367257725,0.5007308582438493,0.5014730712569654,100.0,,
19114,19114_phase3_R71NoCue_1905241222.log,belief_ck,43.696325830992464,104.27068248268935,0.5259269117596169,0.5006297123682096,83.97252917473811,0.17699458018585537,1.3843839489920216
19114,19114_phase3_R71NoCue_1905241232.log,belief,104.30457955072475,218.68306430627678,0.5079854545368309,0.8410661684419991,1.6196466286389166,,
19114,19114_phase3_R71NoCue_1905241232.log,belief_ck,100.67320387087929,221.4942181514131,0.5201062803210676,0.8755373497823035,1.1281500990117799,0.14818051065275883,1.1157873765017183
19114,19114_phase3_R71NoCue_1905241252.log,belief,221.67759094656154,454.8980641393831,0.5012830359143156,0.9807926666215429,0.37311779885681995,,
19114,19114_phase3_R71NoCue_1905241252.log,belief_ck,173.24274200919734,369.57124851091476,0.5829248427513998,0.0974415813403127,0.9550520672254261,0.09518052825218155,2.4677669480625912
19114,19114_phase3_R71NoCue_1905271402.log,belief,190.61434546652208,392.4622331283773,0.5000020530723294,0.5006899199954289,10.913947798335952,,
19114,19114_phase3_R71NoCue_1905271402.log,belief_ck,122.1528062777886,266.7726969462435,0.6413422566484872,0.49729501318358516,100.0,0.45993052036455284,2.11693708269507
19114,19114_phase3_R71NoCue_1905281439.log,belief,212.7439337740589,436.95455010191324,0.5023331695536408,0.5027869739250295,100.0,,
19114,19114_phase3_R71NoCue_1905281439.log,belief_ck,142.44823430638078,307.82983372035255,0.6306542401402202,0.4937552089210823,100.0,0.27609691525289604,2.4214191932304634
19114,19114_phase3_R71NoCue_1905291557.log,belief,201.47374497792552,414.3349542334564,0.5074471163646316,0.005974216456828438,0.646627965496408,,
19114,19114_phase3_R71NoCue_1905291557.log,belief_ck,94.35403427877627,211.48299711276334,0.7278281246983433,0.0491067215917766,1.4539709789609614,0.36455057899109966,2.8571140161736115
19114,19114_phase3_R71NoCue_1905301331.log,belief,303.8801876664407,619.9565238972139,0.5051616377250335,0.005422326356132868,0.5394186183470515,,
19114,19114_phase3_R71NoCue_1905301331.log,belief_ck,231.24563789236436,486.88357291339366,0.5947268117085083,0.20979266089271034,1.50727180983746,0.22938409217344888,2.11253471665061
19114,19114_phase3_R71NoCue_1905311353.log,belief,357.6129225433513,727.7373451702093,0.5033864245372726,0.5033168171660543,100.0,,
19114,19114_phase3_R71NoCue_1905311353.log,belief_ck,111.70314843531446,248.42929703764239,0.8070243509274762,0.08553152758355848,1.3230367271366317,0.43789341395208414,3.4395447662533365
19114,19114_phase3_R71NoCue_1906031342.log,belief,123.40460666219064,257.1951270261617,0.5037973635914444,0.5042454539495798,100.0,,
19114,19114_phase3_R71NoCue_1906031342.log,belief_ck,37.9097100242138,96.59124745198844,0.8100903452947815,0.31579172730404453,7.839519456676597,0.3646395638074506,3.8222730760111387
19114,19114_phase3_R71NoCue_1906041438.log,belief,225.27309567100528,462.11384170667003,0.499999596940127,0.999999,0.001,,
19114,19114_phase3_R71NoCue_1906041438.log,belief_ck,9.539575256995997,42.21445124331095,0.9710740623911864,0.12774016282655823,13.335606823038749,0.26305430756146997,9.910866270676703
19114,19114_phase3_R71NoCue_1906051320.log,belief,428.00654273533434,868.8692960160379,0.5008501257982003,0.4426339084592014,2.8432045266237216,,
19114,19114_phase3_R71NoCue_1906051320.log,belief_ck,247.33459411641405,520.3816093235665,0.6706075178122592,0.12453544615890352,1.7235697280076676,0.4043697544359936,2.461329848302954
19114,19114_phase3_R71NoCue_1906061235.log,belief,298.060225668404,608.64343470545,0.566194724029345,0.0008864182702988809,1.956733959466106,,
19114,19114_phase3_R71NoCue_1906061235.log,belief_ck,160.00639805006995,345.05876283742407,0.7368612104130556,0.07133139415961763,2.081600114817417,0.5824188627780778,2.4904933071163833
19114,19114_phase3_R71NoCue_1906071335.log,belief,247.63386150606212,507.5943526201935,0.5937277219426432,0.0004467061587377659,2.3778734144726115,,
19114,19114_phase3_R71NoCue_1906071335.log,belief_ck,148.34581658736002,321.3448923908586,0.731756857349895,0.10755394904011903,2.7081968893315214,0.4134820704027696,2.4511612937606313
19114,19114_phase3_R71NoCue_1906111415.log,belief,261.6908672151076,535.794886283665,0.5900178107246167,0.0026681377131783277,2.4346954800517864,,
19114,19114_phase3_R71NoCue_1906111415.log,belief_ck,168.00097322571372,360.82825015832714,0.7126879304609488,0.15827134742554114,3.2859173785495512,0.5241551998693449,2.267606314389837
19114,19114_phase3_R71NoCue_1906121451.log,belief,365.223915687501,743.1320742124443,0.5257129952513063,0.03075257021810429,1.3961395279491837,,
19114,19114_phase3_R71NoCue_1906121451.log,belief_ck,170.70674511173812,366.7819758983608,0.740418254099918,0.2502473767086604,3.4699728145277793,0.6557289025170934,2.5153293386423585
19114,19114_phase3_R71NoCue_1906131428.log,belief,248.1487011428804,508.05846825856224,0.49999719204361087,0.999999,0.001,,
19114,19114_phase3_R71NoCue_1906131428.log,belief_ck,88.2541998525221,200.03053165064702,0.7815156440678355,0.12662798907379594,1.3491012182878968,0.4987013894840706,3.089451762917984
19114,19114_phase3_R71NoCue_1906141540.log,belief,94.03927263302477,197.90385503752162,0.5008416779333454,0.999999,0.22664610590460643,,
19114,19114_phase3_R71NoCue_1906141540.log,belief_ck,46.56465357096997,112.77992668488416,0.7100732405163859,0.11318259532546102,2.174700722267098,0.428761889758636,2.7552802976267494
19114,19114_phase3_R71NoCue_1906181528.log,belief,324.0863109749731,660.8320637609917,0.5611910050443721,0.003047613517472223,1.9376992121194578,,
19114,19114_phase3_R71NoCue_1906181528.log,belief_ck,195.5141110435541,416.34710570919896,0.7057388562872725,0.18113673355039797,3.3149324313478132,0.6322824771776865,2.2833898643740187
19114,19114_phase3_R71NoCue_1906191340.log,belief,290.72340469850576,594.0739054895657,0.5905666173219375,0.00993038904554774,2.538924114701591,,
19114,19114_phase3_R71NoCue_1906191340.log,belief_ck,159.28352319687644,343.82123857886126,0.7493440109567708,0.17275578532037425,4.118005700133594,0.593402203789074,2.5107708720397324
19114,19114_phase3_R71NoCue_1906201406.log,belief,290.34649888373974,593.5939386117678,0.6321154341254144,0.0033070552276599284,3.0795199699372207,,
19114,19114_phase3_R71NoCue_1906201406.log,belief_ck,174.81711887645278,375.4361194414823,0.7586821350612453,0.11838251551995181,3.4497859675835,0.6913369309595773,2.3816699037764764
19114,19114_phase3_R71NoCue_1906211331.log,belief,217.8418566066846,447.71114352545476,0.5870644460728162,0.001156093137309352,2.2542369749474624,,
19114,19114_phase3_R71NoCue_1906211331.log,belief_ck,93.28597561454629,210.62681185326377,0.796058128570069,0.09540781902646563,3.1207976190419098,0.6257911132865195,2.9092274293197384
19114,19114_phase3_R71NoCue_1906241211.log,belief,178.10947571355354,367.31710359689754,0.5000571038254866,0.49670102986664827,13.169129071118386,,
19114,19114_phase3_R71NoCue_1906241211.log,belief_ck,92.81978290520219,207.83587014998525,0.6968629817175199,0.11945769657074518,1.4354122051045977,0.6083542470916619,2.394684947440977
19114,19114_phase3_R71NoCue_1906251155.log,belief,295.1014582052079,602.6638793055728,0.5593899957354208,0.007294409195229351,1.9564111961886617,,
19114,19114_phase3_R71NoCue_1906251155.log,belief_ck,177.79211438358857,380.5061545574911,0.7046990285830735,0.16031215478353034,3.0580463200960906,0.620959073756483,2.1679719003931743
19114,19114_phase3_R71NoCue_1906271151.log,belief,416.5868580828886,845.9709060348476,0.4999955053726465,0.999999,0.001,,
19114,19114_phase3_R71NoCue_1906271151.log,belief_ck,211.282218060548,448.1588158592368,0.7035958871443407,0.12122933418772934,1.241572203139105,0.7823290841466833,2.228826381838059
19114,19114_phase3_R71NoCue_1906281100.log,belief,254.22849598631592,520.2893960978467,0.503963209426524,0.04718008668148921,0.6130851146688628,,
19114,19114_phase3_R71NoCue_1906281100.log,belief_ck,126.7727924881628,277.21039322675534,0.7105573334925496,0.15634880173424004,1.8214062220538416,0.6101894344127877,2.429627547017718
19114,19114_phase3_R71NoCue_1907011236.log,belief,293.3578539190381,598.89379758897,0.5141652572176091,0.0023278161717730705,0.8740116246674356,,
19114,19114_phase3_R71NoCue_1907011236.log,belief_ck,95.88641182834037,216.12900315846812,0.8045843218674229,0.12643146793441978,2.8678546213678593,0.4936003879731345,3.2454357858524756
19114,19114_phase3_R71NoCue_1907021236.log,belief,211.06850132839014,433.914758573446,0.5572856750151752,0.516287339837049,100.0,,
19114,19114_phase3_R71NoCue_1907021236.log,belief_ck,51.358826594386905,126.27316502210533,0.8673885763026321,0.0048027128742404775,3.683501307543922,0.1307223779191804,6.192712554418521
19114,19114_phase3_R71NoCue_1907031229.log,belief,296.84704695994975,605.8721836707932,0.5101132314456046,0.020948551281234965,0.8544630475601136,,
19114,19114_phase3_R71NoCue_1907031229.log,belief_ck,162.9499074632758,350.25599442833897,0.6910791456339076,0.09503908651165119,1.8506053637797002,0.36905655203449905,2.5475802157128156
19114,19114_phase3_R71NoCue_1907051206.log,belief,166.58998055031762,344.2308669788988,0.5149398909181567,0.05377837725746784,1.1674836158791977,,
19114,19114_phase3_R71NoCue_1907051206.log,belief_ck,121.15099359175143,264.40379894003,0.6171314188499085,0.1123719149131916,1.3276286234563697,0.6741390192929354,1.6210121442837564
19114,19114_phase3_R71NoCue_1907081220.log,belief,46.935053533221655,102.36709755054203,0.5114523963119197,0.4933274997947414,100.0,,
19114,19114_phase3_R71NoCue_1907081220.log,belief_ck,0.6931472647250027,18.380275497647443,0.9901467606280457,0.9999936069581836,2.8262802288319717,0.999999,21.501021380076637
19114,19114_phase3_R71NoCue_1907091236.log,belief,99.57525148299906,209.10397045083928,0.5032209845313765,0.9977030561461541,0.5546357999783512,,
19114,19114_phase3_R71NoCue_1907091236.log,belief_ck,52.64667999230524,125.20029495429277,0.6955304051061233,0.17626230254893652,0.9756072166601043,0.5447698522228861,2.424066251938443
19114,19114_phase3_R71NoCue_1907111308.log,belief,316.5864144297371,645.4221956412625,0.5001989970139882,0.999999,0.1025614438320639,,
19114,19114_phase3_R71NoCue_1907111308.log,belief_ck,306.01981280115916,636.5383591658951,0.5118991739943917,0.999999,0.09231964996642518,0.1748053687078942,1.0644182612369115
19114,19114_phase3_R71NoCue_1907221314.log,belief,308.9997207715215,630.2045587322701,0.5009371959637117,0.999999,0.21602658323943946,,
19114,19114_phase3_R71NoCue_1907221314.log,belief_ck,240.57980651315546,505.5698474047652,0.5837923888101579,0.34371515826777643,1.6388424813758502,0.31551596323195247,1.8865129894162798
19114,19114_phase3_R71NoCue_1907231155.log,belief,523.2888457135239,1059.8311269255457,0.5000246864433308,0.999999,0.03840969650168237,,
19114,19114_phase3_R71NoCue_1907231155.log,belief_ck,409.59363400954106,845.6941390160782,0.5812884786080179,0.4973700264081509,83.63999099584804,0.33615951292181634,1.7956536830344718
19114,19114_phase3_R71NoCue_1907241335.log,belief,408.6333863515358,830.2723527949029,0.5419162782493931,0.0007385537101335886,1.54154067090979,,
19114,19114_phase3_R71NoCue_1907241335.log,belief_ck,330.7049997092591,687.4211596021806,0.6090776015957495,0.07170190783182984,1.3174884613718212,0.29363200838602793,1.914889093895145
19114,19114_phase3_R71NoCue_1907251255.log,belief,174.05098257166676,360.381734247786,0.6872137661832932,0.0017224012421633186,3.754655696198625,,
19114,19114_phase3_R71NoCue_1907251255.log,belief_ck,128.8720380572309,282.3036143233668,0.7574926373390748,0.020343241395537132,2.5393164316406147,0.44818253146438886,2.1458423637721817
19114,19114_phase3_R71NoCue_1907261337.log,belief,370.501644899141,753.8691699837603,0.5511976578256349,0.00017729261327038124,1.676260067678032,,
19114,19114_phase3_R71NoCue_1907261337.log,belief_ck,253.0872097890671,531.9061799490909,0.6657156708528625,0.0948118851920617,1.5948229997196977,0.4536840836648586,2.122926674317251
19114,19114_phase3_R71NoCue_1907291631.log,belief,338.0606889940053,688.7520939910553,0.5426334037577073,9.608920714648636e-05,1.526126888828254,,
19114,19114_phase3_R71NoCue_1907291631.log,belief_ck,218.91006044225767,463.0815528906047,0.6731015558665413,0.06736985838470572,1.4448269589938847,0.4388736019559837,2.2402188519951265
19114,19114_phase3_R71NoCue_1907301529.log,belief,281.55559535372504,575.5444029096199,0.5700750750144771,0.008667044101943992,2.20654921250969,,
19114,19114_phase3_R71NoCue_1907301529.log,belief_ck,183.7787348432426,392.42389409082466,0.6929317135852383,0.14201477980900912,2.9545018849643196,0.51024956109246,2.213441663296615
19114,19114_phase3_R71NoCue_1907311924.log,belief,238.1304426062992,488.37445323905564,0.5725343557115572,0.0009920044177459033,2.093231804700135,,
19114,19114_phase3_R71NoCue_1907311924.log,belief_ck,162.660043235943,349.5472225248005,0.6832210204079713,0.11154534253122761,1.9312231745319342,0.46707652405471206,2.1736015719661785
19114,19114_phase3_R71NoCue_1908020750.log,belief,247.5167251460326,506.7945162648666,0.5008806146488427,0.5029783269486368,56.492948839610065,,
19114,19114_phase3_R71NoCue_1908020750.log,belief_ck,103.64869437162635,230.8195206888555,0.7486217028676214,0.47651281062561973,5.817146692457822,0.40795095912192986,2.8638490839392055
19114,19114_phase3_R71NoCue_1908281205.log,belief,200.33961636808482,412.0189945821307,0.5011618063174852,0.4977548839899352,100.0,,
19114,19114_phase3_R71NoCue_1908281205.log,belief_ck,72.34212836242533,167.36378041677273,0.7792248659240183,0.4903466601296578,100.0,0.41730885859802286,3.131250006628077
19114,19114_phase3_R71NoCue_1908291122.log,belief,247.2674627351215,506.4569361494896,0.5287247652317729,0.060912169428571916,1.695918280271235,,
19114,19114_phase3_R71NoCue_1908291122.log,belief_ck,161.0890080075654,346.0220373736239,0.6602228458725226,0.16799996278768425,2.1875196043787066,0.4934135568253078,2.035835906346181
19114,19114_phase3_R71NoCue_1908301241.log,belief,223.69879002190703,459.7904682994031,0.6340684593353543,0.001257840034840844,3.0070374823157935,,
19114,19114_phase3_R71NoCue_1908301241.log,belief_ck,140.65760994525382,306.10099640168573,0.7509083209143025,0.016466719733784545,2.090352891449397,0.5754579500037501,2.252610951828531
19114,19114_phase3_R71NoCue_1909021250.log,belief,348.38906963028955,709.4124686340737,0.5331986958801416,0.03869255433843515,1.6639728347018616,,
19114,19114_phase3_R71NoCue_1909021250.log,belief_ck,201.98630280643184,429.24126435985283,0.6944770140525333,0.3833829381668884,8.890404272209432,0.5990959679113789,2.260287048338515
19114,19114_phase3_R71NoCue_1909031321.log,belief,376.1313367330674,765.0631883567524,0.535366947007611,0.004130096686902053,1.426673910250552,,
19114,19114_phase3_R71NoCue_1909031321.log,belief_ck,217.8086233996009,461.2182765804371,0.6964158269635373,0.15301754174589766,1.5278877150220147,0.5987506630411604,2.2151975975150915
19114,19114_phase3_R71NoCue_1909041327.log,belief,356.85631243009874,726.200958661525,0.5001111633829161,0.49433024479834653,10.333506803305307,,
19114,19114_phase3_R71NoCue_1909041327.log,belief_ck,150.04846018768902,325.073587978033,0.7472494354109447,0.06125983614813318,0.9231996753663552,0.5713177362056951,2.712699977170879
19114,19114_phase3_R71NoCue_1909051615.log,belief,351.6800932198346,716.0338379019621,0.5366320349693545,0.009619856899431862,1.5033257019429929,,
19114,19114_phase3_R71NoCue_1909051615.log,belief_ck,246.84123705467616,519.0297770339381,0.6460443364820212,0.15775294239625257,2.0323315968714617,0.6185625759322699,1.801600110741981
19114,19114_phase3_R71NoCue_1909061527.log,belief,282.38961557243687,577.0718896602116,0.5462444546418389,0.020896074093891655,1.8319433016287734,,
19114,19114_phase3_R71NoCue_1909061527.log,belief_ck,218.03932769950856,460.6639724296927,0.6269467718520001,0.12653209025418075,1.9301146180082414,0.4203473663627436,1.7842079642449287
19114,19114_phase3_R71NoCue_1909111357.log,belief,110.90300172032333,231.9563510711143,0.5000017099068861,0.4993083650255526,10.544930869354657,,
19114,19114_phase3_R71NoCue_1909111357.log,belief_ck,60.35189733105073,141.00448992303677,0.6857793444500363,0.5126270972665523,15.291707086630144,0.33076563648815854,2.582239824870755
19114,19114_phase3_R71NoCue_1909121327.log,belief,42.12806827192362,92.57390271056657,0.5177560639015766,0.5086609751957134,100.0,,
19114,19114_phase3_R71NoCue_1909121327.log,belief_ck,12.046128734983132,40.727789803404946,0.8284318012102007,1e-06,6.0824144665019695,0.03566767589733142,8.556153819941306
19114,19114_phase3_R71NoCue_1909121340.log,belief,205.53724379938564,422.6297922452166,0.5292267944151968,0.04154159268651051,1.6733975817197042,,
19114,19114_phase3_R71NoCue_1909121340.log,belief_ck,134.9159814736382,292.942572240167,0.6585620472728819,0.12409959710575603,1.4441678943084746,0.6608333851809227,1.8741879189665471
19114,19114_phase3_R71NoCue_1909131336.log,belief,185.47203817359497,382.13349910639363,0.5018333779822497,0.11927842887166971,0.5128490458590276,,
19114,19114_phase3_R71NoCue_1909131336.log,belief_ck,124.16366133305038,270.7061681845081,0.630290188366182,0.16251288905203384,0.7438910733537712,0.6981859991852717,1.771447016021529
19114,19114_phase3_R71NoCue_1909161538.log,belief,305.2694304529206,622.8272321740924,0.5193981120091813,0.052856432434040736,1.3320842990232244,,
19114,19114_phase3_R71NoCue_1909161538.log,belief_ck,218.9905139336099,462.5577704037224,0.6250418164402763,0.3422530016422164,4.114590843115339,0.38389291800257874,1.9634223484945432
19114,19114_phase3_R71NoCue_1909171527.log,belief,383.8911854303155,780.4736435822882,0.5099241408428897,0.11747821201609379,1.2054413308035674,,
19114,19114_phase3_R71NoCue_1909171527.log,belief_ck,269.7184769511517,564.8194993456177,0.6230114943028169,0.3221186622007668,2.5264612510710105,0.5321401830937749,1.8310417569761446
19114,19114_phase3_R71NoCue_1909181542.log,belief,278.84154571964723,570.2098879644777,0.58794213031899,0.010628368272129426,2.4481584721647147,,
19114,19114_phase3_R71NoCue_1909181542.log,belief_ck,220.7356159864821,466.52482502333066,0.6567520083848191,0.09059882898673478,2.453012458498246,0.7836091919241964,1.4490433165323446
19114,19114_phase3_R71NoCue_1909191509.log,belief,247.25982990612474,507.00799361357696,0.6187115090841342,0.0007165824356684245,2.734276697418581,,
19114,19114_phase3_R71NoCue_1909191509.log,belief_ck,200.2305315577252,425.43773071810534,0.6778717632665435,0.011513937130926351,1.6108701305567277,0.4889388253028331,1.7629234634344688
19114,19114_phase3_R71NoCue_1909201531.log,belief,219.81828928260367,451.8903169334357,0.6188127248842361,0.0002609808600874703,2.6866225214703565,,
19114,19114_phase3_R71NoCue_1909201531.log,belief_ck,115.506577458586,255.52063165362873,0.777091039614718,0.042546635085567955,2.315086186937787,0.6181349874153015,2.5449841867193794
19114,19114_phase3_R71NoCue_1909231557.log,belief,254.93949801603077,521.9972424232251,0.5512024950317129,0.015978462546900433,1.8940113128500415,,
19114,19114_phase3_R71NoCue_1909231557.log,belief_ck,178.13060121070268,380.4976952037325,0.6595529687759499,0.10013017235674862,1.88770048796792,0.6383956880769039,1.795993872445579
19114,19114_phase3_R71NoCue_1909241316.log,belief,343.0491177836968,698.6135707431588,0.5183097626922905,0.0011685980815086684,0.9788714046451972,,
19114,19114_phase3_R71NoCue_1909241316.log,belief_ck,182.24958169819973,389.52983374793,0.7052964065606434,0.15135505264988122,1.7400902954069921,0.40480800980328163,2.5272755783249625
19114,19114_phase3_R71NoCue_1909261517.log,belief,488.44900033610224,990.0143962778291,0.5001558838398705,0.49205108766071476,8.753211086832353,,
19114,19114_phase3_R71NoCue_1909261517.log,belief_ck,401.74996538431463,829.7327219798783,0.5656056885345816,0.016217022757145455,0.8206272484082748,0.19616721042512786,1.849069517726647
19114,19114_phase3_R71NoCue_1909271301.log,belief,425.0547864893676,863.038749586115,0.5157778617478078,0.000651300679380556,0.9258501359973901,,
19114,19114_phase3_R71NoCue_1909271301.log,belief_ck,252.50383937763334,530.8660319700265,0.6748207620839693,0.28262576636718983,2.671496838166473,0.43696124568413286,2.330225546404753
19116,19116_phase3_R71NoCue_1905271729.log,belief,253.89684411079352,520.0517886417082,0.5751340322294847,0.5178508433046601,100.0,,
19116,19116_phase3_R71NoCue_1905271729.log,belief_ck,90.73226606785924,205.98073297596068,0.8206375159742908,0.007949726237532475,0.39041970266926124,0.20408188599478658,3.7971461934366326
19116,19116_phase3_R71NoCue_1905281616.log,belief,255.94208682555814,523.7750148683294,0.5117057823843915,0.5062513973874535,100.0,,
19116,19116_phase3_R71NoCue_1905281616.log,belief_ck,176.76444413267143,377.3105706997692,0.6295599807068639,0.005250732592366595,1.107590214854795,0.054490669196295846,3.405668653120224
19116,19116_phase3_R71NoCue_1905291719.log,belief,242.93936303122902,497.94489850605567,0.5584509993141064,0.5152062458356633,100.0,,
19116,19116_phase3_R71NoCue_1905291719.log,belief_ck,96.82711089677328,217.78656668074177,0.7927880995742239,0.21500893422735753,2.993387377244829,0.20717494610567683,3.972579092703817
19116,19116_phase3_R71NoCue_1905301710.log,belief,131.31389270385512,273.80975936873193,0.6126403551301143,0.5226434614293274,100.0,,
19116,19116_phase3_R71NoCue_1905301710.log,belief_ck,19.34496565757708,61.05387923719759,0.9303608962029551,0.02944347340166843,5.221095987220441,0.18365074015097005,7.543667866702782
19116,19116_phase3_R71NoCue_1905311655.log,belief,364.11383266290517,740.784708174142,0.5050285084154549,0.4961663013446359,100.0,,
19116,19116_phase3_R71NoCue_1905311655.log,belief_ck,313.000911297778,651.1159082922193,0.5558572646090763,0.4952043989467641,100.0,0.34016135614162546,1.48689147838454
19116,19116_phase3_R71NoCue_1906071526.log,belief,370.9540011178341,754.5887208431236,0.5198370609282521,0.508318482088168,100.0,,
19116,19116_phase3_R71NoCue_1906071526.log,belief_ck,153.7304817369521,332.8224006888152,0.7625176696789172,0.5046484870290352,3.596399117088642,0.3046071291724498,3.051602178599124
19116,19116_phase3_R71NoCue_1906091700.log,belief,309.06632908303374,630.3377753552946,0.500862555930352,0.4963677594912441,44.23257812096323,,
19116,19116_phase3_R71NoCue_1906091700.log,belief_ck,261.72596097620357,547.8621563308614,0.5568180844561079,0.3652237542067127,1.1254496210634215,0.45680541383042594,1.3975767781569022
19116,19116_phase3_R71NoCue_1906101719.log,belief,394.40426338021825,801.4962876286892,0.4999969089360843,0.999999,0.001,,
19116,19116_phase3_R71NoCue_1906101719.log,belief_ck,107.74747705194996,240.87047584040525,0.8274861764486543,0.007691050513942409,3.162930004529491,0.2506450387131734,4.205790198983115
19116,19116_phase3_R71NoCue_1906111631.log,belief,325.3051584310641,662.9369464701975,0.5041643538715285,0.5037436700636195,100.0,,
19116,19116_phase3_R71NoCue_1906111631.log,belief_ck,107.61807372564357,239.8894066674257,0.7972680239165313,0.005748736665024842,0.9886631483818866,0.41243879542312345,3.373055381359259
19116,19116_phase3_R71NoCue_1906121651.log,belief,485.21360254893483,983.5293657679565,0.4999924456592307,0.999999,0.001,,
19116,19116_phase3_R71NoCue_1906121651.log,belief_ck,217.826423459135,461.8571682584436,0.7325815560717203,0.034732300077955296,0.870762661818162,0.3811026398006275,2.8683254836458616
19116,19116_phase3_R71NoCue_1906131546.log,belief,478.9642495972188,971.0047788419729,0.5000003271851312,0.5005473303121933,5.50686762778197,,
19116,19116_phase3_R71NoCue_1906131546.log,belief_ck,220.05426010371502,466.2610795025007,0.7272698519716803,0.49262633684941953,100.0,0.40763209803094896,2.829642353216204
19116,19116_phase3_R71NoCue_1906141718.log,belief,275.96604844152006,563.9692833120325,0.510967015637145,0.5060421902594968,100.0,,
19116,19116_phase3_R71NoCue_1906141718.log,belief_ck,51.994587065343715,128.06354698867236,0.8811675309742628,0.07910724371411244,3.2278166149352407,0.4005548190286403,4.728573324789198
19116,19116_phase3_R71NoCue_1906171445.log,belief,377.0468187555512,767.210033116727,0.5857757846746379,6.3584405002873e-05,2.212843727486202,,
19116,19116_phase3_R71NoCue_1906171445.log,belief_ck,219.68642845233242,465.60564811591394,0.7322656249338672,0.007302883946837762,1.5008465322318758,0.4486254158345946,2.483821118136885
19116,19116_phase3_R71NoCue_1906181656.log,belief,440.9044908737842,894.7225210587127,0.5004949568638362,0.4855089944241961,8.479649166226086,,
19116,19116_phase3_R71NoCue_1906181656.log,belief_ck,238.7550744870892,503.337227596467,0.6874186842517913,0.06795679944895247,1.0693287984226407,0.4604074033758141,2.4077331415691807
19116,19116_phase3_R71NoCue_1906191537.log,belief,252.69142495297865,517.9134523314327,0.6185347226800451,0.0021172273981444425,2.8458223556139473,,
19116,19116_phase3_R71NoCue_1906191537.log,belief_ck,146.41066922932484,317.8825433096005,0.7570338732080925,0.10662846507937986,2.827116845340571,0.7274399621387244,2.377613836290879
19116,19116_phase3_R71NoCue_1906201622.log,belief,372.4205458247846,757.7577682162588,0.5578131311796073,0.00437112904094196,1.9290292317522824,,
19116,19116_phase3_R71NoCue_1906201622.log,belief_ck,233.7411100637341,493.3155732608474,0.6932494580248519,0.16464188100728708,3.107188801589747,0.5249369462004017,2.2209257508142572
19116,19116_phase3_R71NoCue_1906211516.log,belief,306.67851615721844,625.8990091781535,0.5600481343666469,0.021332649758872918,2.096745404852416,,
19116,19116_phase3_R71NoCue_1906211516.log,belief_ck,214.84805339084917,454.78006050913154,0.6662168988544751,0.18492714835129437,2.858742290049539,0.6884205484561086,1.8189206200607648
19116,19116_phase3_R71NoCue_1906251342.log,belief,218.80899517212598,449.2101058457827,0.5142360212269224,0.007572006731624059,0.9066182787647413,,
19116,19116_phase3_R71NoCue_1906251342.log,belief_ck,157.99396368378757,339.1721583706366,0.6186442965023984,0.06696840450398993,1.1866394182497262,0.3362281856328544,2.0410886740751675
19116,19116_phase3_R71NoCue_1906261258.log,belief,214.34800308333328,440.87862593082195,0.6157278387935644,0.004468887927581356,2.7566063030935237,,
19116,19116_phase3_R71NoCue_1906261258.log,belief_ck,129.57128968123922,283.5078188907892,0.7459119507638682,0.06605060269652316,1.9364515834203448,0.4341704513055451,2.431682056406275
19116,19116_phase3_R71NoCue_1906271330.log,belief,281.46787889673755,575.5114749137987,0.5926362372657862,0.5200405739206121,100.0,,
19116,19116_phase3_R71NoCue_1906271330.log,belief_ck,60.567213031562574,146.2858603037723,0.8935272356341859,0.4939144142044313,59.160448947212416,0.2655710131733981,4.347696251619254
19116,19116_phase3_R71NoCue_1906281246.log,belief,354.6135272743951,722.0408145209288,0.5570106955990826,0.004888578063094094,1.884628934429855,,
19116,19116_phase3_R71NoCue_1906281246.log,belief_ck,136.1261054582597,297.87973086079666,0.7988112954159177,0.11190691404290065,3.4103819341899,0.671148289894897,2.9844096830949165
19116,19116_phase3_R71NoCue_1907011404.log,belief,260.4998904169578,533.0563378743769,0.5338125245328489,0.0031195968014325302,1.3952514721925116,,
19116,19116_phase3_R71NoCue_1907011404.log,belief_ck,139.38516752847087,302.88344913786455,0.7147175326591303,0.28457583514924517,5.072639035132946,0.5385329554578219,2.5546522203097033
19116,19116_phase3_R71NoCue_1907021355.log,belief,175.385389968932,362.15149884651214,0.5529331287057497,0.018773528627278928,1.9664422661311338,,
19116,19116_phase3_R71NoCue_1907021355.log,belief_ck,65.60191749671267,153.9652728107216,0.8012132804322462,0.1573323257789304,4.133460567991463,0.6297566605278551,3.0333929765485173
19116,19116_phase3_R71NoCue_1907031405.log,belief,280.254686756961,572.6182522064607,0.5179508882517925,0.013470108900376544,1.0684435090761577,,
19116,19116_phase3_R71NoCue_1907031405.log,belief_ck,117.2061210235403,258.6299994321581,0.7594720641704189,0.20136895337980903,2.851091433464203,0.572595306832002,2.8313398790640516
19116,19116_phase3_R71NoCue_1907041454.log,belief,193.88777225879247,399.83691503810746,0.6274593596183035,0.01264580858544123,3.0783842485294683,,
19116,19116_phase3_R71NoCue_1907041454.log,belief_ck,86.51851171087267,197.1597644627904,0.8122255620558865,0.17562400589424862,6.2332879825343515,0.7821293175209495,2.8758467354190236
19116,19116_phase3_R71NoCue_1907051317.log,belief,260.3851065613689,533.2585469240653,0.6031422847402508,0.022674687916927345,2.860249924602396,,
19116,19116_phase3_R71NoCue_1907051317.log,belief_ck,141.2421387932382,307.4609451891314,0.7601370141448356,0.1804430202508505,4.58249188703916,0.7995438450594505,2.312647960789444
19116,19116_phase3_R71NoCue_1907081326.log,belief,235.73707153976696,483.7015074391984,0.5936043887722492,0.0011617045307094436,2.45725034054515,,
19116,19116_phase3_R71NoCue_1907081326.log,belief_ck,115.72107658562632,255.89688189058157,0.7741264234486265,0.1495369250711586,3.736005076785755,0.6963067936972294,2.671850150649117
19116,19116_phase3_R71NoCue_1907121405.log,belief,182.97130348170896,378.2094030494112,0.6724006738905131,0.02362481531256651,4.04212455585571,,
19116,19116_phase3_R71NoCue_1907121405.log,belief_ck,100.70585784213313,225.94530785625284,0.8037629555418605,0.11773289566437514,4.910238965239401,0.9480435486774772,2.333989349810665
19116,19116_phase3_R71NoCue_1907151139.log,belief,345.79809967199816,704.2050969488403,0.5314362517532573,0.04584627148779649,1.7079371581161111,,
19116,19116_phase3_R71NoCue_1907151139.log,belief_ck,244.2392898339685,513.696374877625,0.6398593269695064,0.19341411398160527,2.916956760783063,0.5694944995310949,1.8379205767380609
19116,19116_phase3_R71NoCue_1907181302.log,belief,162.1429498837239,335.9319915584138,0.6189610889140531,0.02398565209715091,3.1427194148364284,,
19116,19116_phase3_R71NoCue_1907181302.log,belief_ck,96.27269003576518,215.83756365346244,0.7521417737394493,0.14587380263365446,3.7645246463829434,0.9271598543614241,2.061950073443054
19116,19116_phase3_R71NoCue_1908031627.log,belief,219.1544607686555,449.87657190197046,0.5095020423703294,0.5055333961979009,100.0,,
19116,19116_phase3_R71NoCue_1908031627.log,belief_ck,104.46387800684138,232.0630567430017,0.7251133315649559,0.02717577385240106,0.7333533903287006,0.1231836764948408,3.2916811748153463
19116,19116_phase3_R71NoCue_1908051128.log,belief,207.12437509206111,425.6496373309036,0.5002118038705601,0.999999,0.11255032773305731,,
19116,19116_phase3_R71NoCue_1908051128.log,belief_ck,92.7896616912449,208.38109767605255,0.7332025268487153,0.05481644977654437,1.1461483313036833,0.20936134703822903,3.1884376397994814
19116,19116_phase3_R71NoCue_1908071137.log,belief,262.36096579871594,537.1310471225693,0.5885919303811284,0.0016136474268644144,2.3114767005551,,
19116,19116_phase3_R71NoCue_1908071137.log,belief_ck,135.60406076164247,296.02635257355973,0.7603719196077358,0.09317031088172008,2.8901361680308493,0.5147750834846663,2.671989767717148
19116,19116_phase3_R71NoCue_1908081156.log,belief,291.8226412542305,596.5462233527494,0.6306430719691606,0.026930737097237395,3.512463188409196,,
19116,19116_phase3_R71NoCue_1908081156.log,belief_ck,193.3838689944036,412.5696196773839,0.7367521475388507,0.10295404149453868,3.4284438855077424,0.7596875642481592,1.9767637999986214
19116,19116_phase3_R71NoCue_1908091133.log,belief,402.97472238937223,818.8692536874995,0.5322545810087465,0.038772098787422375,1.6544605683179234,,
19116,19116_phase3_R71NoCue_1908091133.log,belief_ck,251.3060174310908,528.4516526796917,0.6748396630997395,0.34879621264759775,7.08106209207626,0.5647489465081733,2.1532900456163167
19116,19116_phase3_R71NoCue_1908121130.log,belief,220.08958929770168,451.7220608416634,0.5037690501118455,0.5035467696835189,100.0,,
19116,19116_phase3_R71NoCue_1908121130.log,belief_ck,94.55880359065095,212.20337167382198,0.744847550219288,0.4964361191535557,100.0,0.40414086420903683,2.9184611945979957
19116,19116_phase3_R71NoCue_1908141122.log,belief,248.17618111448465,508.4233250940188,0.5522674046292705,0.010348965375283263,1.8814965057274566,,
19116,19116_phase3_R71NoCue_1908141122.log,belief_ck,170.52099074191588,365.1839072139308,0.6650154843051099,0.17353883942159082,2.5694251222573308,0.38076710508234096,2.210152369339949
19116,19116_phase3_R71NoCue_1908151128.log,belief,275.1512506494794,562.7397015383422,0.5780412413406534,0.09188546849096303,3.2393829210723246,,
19116,19116_phase3_R71NoCue_1908151128.log,belief_ck,209.10469455011548,443.0837895789979,0.6593220187642465,0.3447844215052129,8.06146463906317,0.6141009526825224,1.723590605738389
19116,19116_phase3_R71NoCue_1908161125.log,belief,381.0879316608387,775.2052887034225,0.5686019140209165,0.06260158366512328,2.6408372946365595,,
19116,19116_phase3_R71NoCue_1908161125.log,belief_ck,257.48271806305974,541.0242868896096,0.6828665144119129,0.323334595474881,7.654492342469712,0.7019443446225385,1.9106488719270296
19117,19117_phase3_R71NoCue_1905261725.log,belief,302.80247837616935,617.773955578489,0.5016989321147303,0.5164669932893508,13.998354564763517,,
19117,19117_phase3_R71NoCue_1905261725.log,belief_ck,289.2620956120728,602.8621888764463,0.5174142958062637,0.5034649979190261,12.449172918714371,0.08051301415258778,1.4842735148730224
19117,19117_phase3_R71NoCue_1905271731.log,belief,253.82451834102392,519.497548276877,0.5072886120948215,0.5049817573219646,100.0,,
19117,19117_phase3_R71NoCue_1905271731.log,belief_ck,163.61847570948407,350.9339746086263,0.6456597896238805,0.09614713022066192,0.8569847985186283,0.17723537689947033,2.7339506760660175
19117,19117_phase3_R71NoCue_1905281618.log,belief,263.3959901291479,538.6723227637366,0.4999999190574162,0.999999,0.001,,
19117,19117_phase3_R71NoCue_1905281618.log,belief_ck,154.81918586228016,333.39905673544206,0.6653654035820382,0.46089288233898923,1.9373882532009357,0.23225991518483316,2.5481221718250886
19117,19117_phase3_R71NoCue_1905291721.log,belief,228.90433883256634,469.4606778798936,0.5090372726745364,0.505450563454855,100.0,,
19117,19117_phase3_R71NoCue_1905291721.log,belief_ck,138.4297672986299,300.16353502678163,0.6647479078341932,0.012684231475371446,1.197240357118294,0.14809178306229884,3.121731643200177
19117,19117_phase3_R71NoCue_1905301718.log,belief,218.45863252504626,448.4413678156529,0.5030947122682359,0.5031262244209949,100.0,,
19117,19117_phase3_R71NoCue_1905301718.log,belief_ck,164.20008659290463,351.44837871692994,0.5966930370835882,0.9979609904033827,0.5430270430713081,0.3161506791668316,1.927632898934076
19117,19117_phase3_R71NoCue_1905311657.log,belief,285.5781777931988,583.1984022850967,0.4999981317965711,0.999999,0.001,,
19117,19117_phase3_R71NoCue_1905311657.log,belief_ck,186.43452188772818,396.95313717285444,0.636029091423846,0.4939118351043354,63.58392671046217,0.35572462221919454,2.227515412577139
19117,19117_phase3_R71NoCue_1906031630.log,belief,220.79541354445283,453.13993017999445,0.5037374686984467,0.5034908728056442,100.0,,
19117,19117_phase3_R71NoCue_1906031630.log,belief_ck,150.82008187206412,324.7383699263059,0.6260122449635038,0.4890992726886251,13.534480649365353,0.3688215663805818,2.1233055896277517
19117,19117_phase3_R71NoCue_1906041617.log,belief,312.4712100432666,637.1917868683215,0.5047235415376661,0.5038666725702424,100.0,,
19117,19117_phase3_R71NoCue_1906041617.log,belief_ck,236.78454522518342,498.06782401394366,0.5956344686424512,0.4651465309483254,2.063583963318138,0.15283867865402206,2.166661908632135
19117,19117_phase3_R71NoCue_1906051522.log,belief,271.74632118579285,555.490515495479,0.5095086294871054,0.0008264840755664793,0.7043008304059556,,
19117,19117_phase3_R71NoCue_1906051522.log,belief_ck,187.99415857826688,399.98406340432047,0.6272019218028015,0.17756816088883567,1.4836454185359107,0.5059820242447857,1.9152229907822287
19117,19117_phase3_R71NoCue_1906061414.log,belief,279.6220830747574,571.3199079893591,0.5130634245459512,0.06875184546162472,1.1438648920887022,,
19117,19117_phase3_R71NoCue_1906061414.log,belief_ck,216.07373574510132,456.2989551698912,0.5970889947357517,0.17553898494213563,1.4183992454984413,0.4940740336056179,1.6363745843582027
19117,19117_phase3_R71NoCue_1906071530.log,belief,377.1138289437382,766.8835314549348,0.5099627721638478,0.0024257074315739433,0.7455142827914641,,
19117,19117_phase3_R71NoCue_1906071530.log,belief_ck,324.51009090133135,674.3319289375795,0.560188298090517,0.007444394158263179,0.4900639412572084,0.5194337847534054,1.2851415262434636
19117,19117_phase3_R71NoCue_1906101723.log,belief,216.3159753674891,444.3190395690409,0.534190465231631,0.011876478712856423,1.4636397785090145,,
19117,19117_phase3_R71NoCue_1906101723.log,belief_ck,193.25810293562688,409.8903835393792,0.5711128721709064,0.02678987270650935,0.9004896713192356,0.4052896878128039,1.2845480307067747
19117,19117_phase3_R71NoCue_1906111615.log,belief,288.34735183650395,588.7560741935304,0.500002253943101,0.49936250263951726,13.070185777571183,,
19117,19117_phase3_R71NoCue_1906111615.log,belief_ck,216.83008275348882,457.7829065480227,0.5937920171177148,0.04252726950748243,0.4406173728186554,0.3645576671032237,1.8544412924999534
19117,19117_phase3_R71NoCue_1906121655.log,belief,250.21785687106234,512.2134696587905,0.5000114617810628,0.9999944425338406,0.025813487487926005,,
19117,19117_phase3_R71NoCue_1906121655.log,belief_ck,203.15735076553375,429.87021336439904,0.5696331370915623,0.0016126815844974233,0.7688096059131317,0.24834883380390652,1.5165449195818603
19117,19117_phase3_R71NoCue_1906131553.log,belief,273.7047655394791,559.3673026087605,0.5001118742629705,0.43528457463815523,0.8886444354080621,,
19117,19117_phase3_R71NoCue_1906131553.log,belief_ck,188.9348288916051,401.7852008428147,0.6198262869684221,0.18306783372711358,1.465633128993326,0.27787750208436657,2.242502392708339
19117,19117_phase3_R71NoCue_1906141721.log,belief,281.5518843280298,575.2079469939084,0.5155736978364083,0.0005650626543820272,0.9355361035092037,,
19117,19117_phase3_R71NoCue_1906141721.log,belief_ck,177.82856938839186,379.86549545248135,0.6580856669047561,0.10429012180599824,0.986366824605681,0.406694654802439,2.250718542293961
19117,19117_phase3_R71NoCue_1906171449.log,belief,579.0377075049784,1171.5916040188122,0.5104218886385902,0.5058661857162893,100.0,,
19117,19117_phase3_R71NoCue_1906171449.log,belief_ck,308.0962228395644,643.2248236968397,0.6991881978360046,0.07084664992129622,1.8897350229570269,0.05918326131833792,3.391645465041569
19117,19117_phase3_R71NoCue_1906181658.log,belief,319.991509676845,652.2541491358535,0.500262501503981,0.9999989875921306,0.13125103550626976,,
19117,19117_phase3_R71NoCue_1906181658.log,belief_ck,206.26354035871657,437.0693402817601,0.6398907120932152,0.2264733074303187,0.833138223826882,0.33091308584174833,2.3209828892548168
19117,19117_phase3_R71NoCue_1906201625.log,belief,345.16857876266903,702.8059789767748,0.5082401866232701,0.0005467323020997125,0.6673628344857518,,
19117,19117_phase3_R71NoCue_1906201625.log,belief_ck,300.07141209764285,625.0804670981591,0.5552286223809736,0.06027843608727006,0.5877293949981095,0.3326625577282087,1.4974854486736904
19117,19117_phase3_R71NoCue_1906211519.log,belief,250.55217081382122,512.9951828448555,0.5189769884142583,0.0007979760001700629,1.0288571695509376,,
19117,19117_phase3_R71NoCue_1906211519.log,belief_ck,172.85314482050012,369.48797207542657,0.6360391610820973,0.4660642406628501,14.057718862419938,0.5108742723911359,1.9522191461183924
19117,19117_phase3_R71NoCue_1906251350.log,belief,208.54234150295102,428.4989035353998,0.5001577654920125,0.999999,0.09214140263518748,,
19117,19117_phase3_R71NoCue_1906251350.log,belief_ck,126.63497578480626,276.098392628608,0.6565777210532463,0.10174843427745736,1.1147856900735436,0.1934155892627587,2.787584827168064
19117,19117_phase3_R71NoCue_1906261302.log,belief,354.36537890385955,721.2689503751317,0.5111222140405597,0.506076437547992,100.0,,
19117,19117_phase3_R71NoCue_1906261302.log,belief_ck,165.07971619030178,355.2358175154286,0.7315051796885035,0.5226194533127473,3.769604230507927,0.3619919824448497,2.789524907923811
19117,19117_phase3_R71NoCue_1906271333.log,belief,235.68103618307816,483.1119338278604,0.5158055722165473,0.00014242365242129543,0.922773893268021,,
19117,19117_phase3_R71NoCue_1906271333.log,belief_ck,154.4445002608514,332.38872344511094,0.6480205527660606,0.4861673493193973,10.479908331026953,0.5556617335793549,2.043005494114053
19117,19117_phase3_R71NoCue_1906281249.log,belief,230.60714219149898,473.05207209154423,0.537991954949409,0.0001678979847527384,1.469157031618672,,
19117,19117_phase3_R71NoCue_1906281249.log,belief_ck,162.62527165242847,348.92611872194954,0.6458650430298754,0.022204291465075236,0.9563069924831294,0.48130845323873633,1.9765470003367054
19117,19117_phase3_R71NoCue_1907011407.log,belief,247.4541918717727,506.6638553071047,0.49999909186094765,0.999999,0.001,,
19117,19117_phase3_R71NoCue_1907011407.log,belief_ck,147.8840770384016,319.27909720392176,0.6608415951159481,0.05365410773138301,0.7114779605985758,0.4290609454816007,2.2228509295944323
19117,19117_phase3_R71NoCue_1907021357.log,belief,207.73737474888335,427.1963219446984,0.5533058409832975,3.0259003665148777e-05,1.7176411028416372,,
19117,19117_phase3_R71NoCue_1907021357.log,belief_ck,152.71622296575404,328.87559082537155,0.6472070926515432,0.08906662858818427,1.4387527157310673,0.40241108485106825,2.0421787324855356
19117,19117_phase3_R71NoCue_1907041320.log,belief,231.35880824150075,474.6136864613628,0.5465825145891626,0.0009377513192840243,1.6283006826690045,,
19117,19117_phase3_R71NoCue_1907041320.log,belief_ck,159.83669559895253,343.4655311546276,0.6588046733699956,0.03867848993371638,1.1029874432882198,0.4764533145837026,2.018850990418671
19117,19117_phase3_R71NoCue_1907081328.log,belief,204.40241460018967,420.65868125232015,0.5797993952075008,0.5183734076861223,100.0,,
19117,19117_phase3_R71NoCue_1907081328.log,belief_ck,39.810798071494276,103.32930024687019,0.8992788378054013,0.07482936927551792,4.07024263287613,0.022799353386326975,6.588066336519647
19117,19117_phase3_R71NoCue_1907091240.log,belief,269.1998894626336,550.6182740907959,0.5497883040461217,1e-06,1.6652344210197858,,
19117,19117_phase3_R71NoCue_1907091240.log,belief_ck,162.6310681397159,349.69912661048926,0.6966986089020669,0.07348839679931148,1.6089995686998768,0.39624620186196613,2.420519520543353
19117,19117_phase3_R71NoCue_1907101326.log,belief,286.0306826904733,584.1130973285973,0.5011271744872687,0.4981303632152288,97.7419675374609,,
19117,19117_phase3_R71NoCue_1907101326.log,belief_ck,153.98747095802847,332.0784058113582,0.689388426420494,0.051271714562702846,0.8058008695555924,0.5114952013344813,2.3649124064093305
19117,19117_phase3_R71NoCue_1907111304.log,belief,212.78145573638892,437.74553123693323,0.6179139884639057,0.00018131324377427933,2.712395165838501,,
19117,19117_phase3_R71NoCue_1907111304.log,belief_ck,164.43338398223537,353.2320074927815,0.6893396071864473,0.04801803204429748,1.9216340440706114,0.4030248739439772,2.128155419641845
19117,19117_phase3_R71NoCue_1907121246.log,belief,279.5188536931765,571.2248469264432,0.532076465924929,0.00010681164690574717,1.313494122397789,,
19117,19117_phase3_R71NoCue_1907121246.log,belief_ck,191.22055325218258,406.8153855845457,0.6494372213670436,0.10661020936303435,1.5139323975920105,0.4946553957618388,2.0368607588669136
19117,19117_phase3_R71NoCue_1907151141.log,belief,208.0417328857721,427.8996316478821,0.5681721666528896,0.011815247165906524,2.1744517536924097,,
19117,19117_phase3_R71NoCue_1907151141.log,belief_ck,124.15783228067441,271.9479963140245,0.7136337425960226,0.1648028738238675,3.0338341783615332,0.43921409669899925,2.439340034782508
19117,19117_phase3_R71NoCue_1907171244.log,belief,317.95173961914054,648.1615796584022,0.5002209815612495,0.999999,0.11476956490285019,,
19117,19117_phase3_R71NoCue_1907171244.log,belief_ck,145.48143573852684,315.47907231729585,0.7283649736088994,0.10043821946076337,1.2417646927852481,0.3718876294901007,2.852137018819836
19117,19117_phase3_R71NoCue_1907191252.log,belief,66.68196233643192,142.55416437313303,0.5098925941670335,0.012350754927674434,0.8007655798742987,,
19117,19117_phase3_R71NoCue_1907191252.log,belief_ck,43.74631930390684,105.87311800835204,0.6428254759210035,0.13086049007465614,1.1504849244919857,0.4069239995349652,2.1601282869361396
19117,19117_phase3_R71NoCue_1908051140.log,belief,117.80220045820289,245.9453689064821,0.5120511869532882,0.50658387972162,100.0,,
19117,19117_phase3_R71NoCue_1908051140.log,belief_ck,21.429369543498254,63.54067506714911,0.8853627937830835,0.06005420173410906,4.510066773388109,0.28053883404966734,5.661133400634542
19117,19117_phase3_R71NoCue_1908061117.log,belief,146.8880317017816,304.63475466147213,0.5250584164888208,0.08505173736692453,1.7984410378953437,,
19117,19117_phase3_R71NoCue_1908061117.log,belief_ck,77.13791158047759,175.99320567677296,0.71296412628558,0.3060577901691619,6.084108560150757,0.5254462130454363,2.5188827727387597
19117,19117_phase3_R71NoCue_1908071143.log,belief,247.53119078481828,507.0201530994388,0.5343729676677433,0.0026310118718387487,1.4034594732707588,,
19117,19117_phase3_R71NoCue_1908071143.log,belief_ck,218.38785414715332,460.6912513539111,0.5752902152095877,0.127022733641968,1.6265462189729452,0.3328093126573226,1.543895793648078
19117,19117_phase3_R71NoCue_1908081200.log,belief,201.05959203299565,413.69297882872473,0.5396971042649047,0.043619279067599964,1.843834713029326,,
19117,19117_phase3_R71NoCue_1908081200.log,belief_ck,159.95378330517275,343.05515613581235,0.61222477957876,0.11596249271368321,1.6064850168512614,0.4403863983008243,1.643001351580043
19117,19117_phase3_R71NoCue_1908091136.log,belief,275.83632889709173,563.8911529597121,0.541739717029433,0.04314672929071789,1.8833144592169735,,
19117,19117_phase3_R71NoCue_1908091136.log,belief_ck,263.187665574263,550.8123214795835,0.5571830379883551,0.12837137106343693,1.9197978906808155,0.32700392822922597,1.0240029357428468
19117,19117_phase3_R71NoCue_1908121132.log,belief,307.73966476023054,627.6754780847936,0.5007993242941989,0.5015818174072978,100.0,,
19117,19117_phase3_R71NoCue_1908121132.log,belief_ck,182.6165617061558,389.62542054097656,0.6634018950050026,0.451433406837575,7.645459652760395,0.09786373264150194,2.673984304925965
19117,19117_phase3_R71NoCue_1908131153.log,belief,385.79345168016175,784.232033840178,0.5002599669235929,0.9999985858976181,0.12070052416945166,,
19117,19117_phase3_R71NoCue_1908131153.log,belief_ck,314.93711025805396,655.1644814758171,0.5681233518972806,0.21977640158734296,1.1517891074321076,0.27631518417516987,1.8116822904195347
19117,19117_phase3_R71NoCue_1908141124.log,belief,374.35513565791115,761.3228218897183,0.5050338563914402,0.01450613270702351,0.559475341554225,,
19117,19117_phase3_R71NoCue_1908141124.log,belief_ck,344.29501667158553,713.8151344909631,0.5335110064172468,0.04527298768595373,0.4924316811619235,0.3214405227323104,1.2066391997901922
19117,19117_phase3_R71NoCue_1908151132.log,belief,386.94723962658446,786.5857519748262,0.5071974992548871,0.012708624242482824,0.6822721433713194,,
19117,19117_phase3_R71NoCue_1908151132.log,belief_ck,289.4106044402346,604.2037543237835,0.6018554958964076,0.11058910521155133,1.0204425259814134,0.45523762036732685,1.7783470402228798
19117,19117_phase3_R71NoCue_1908161127.log,belief,305.16270662687805,622.5747800355446,0.5128601447622222,0.00020067724482845408,0.824466600694624,,
19117,19117_phase3_R71NoCue_1908161127.log,belief_ck,206.90906658690207,438.31686673738096,0.6358738596999038,0.1303340538410959,1.3134489657662203,0.4010355763807184,2.139051595600732
19118,19118_phase3_R71NoCue_1905291727.log,belief,220.60767353048536,452.8555129216754,0.519638357008109,0.0011693082223314057,1.036149440064719,,
19118,19118_phase3_R71NoCue_1905291727.log,belief_ck,148.55669681893895,320.3937253592873,0.6435078463308824,0.10566309365499933,1.1759389933437183,0.42509339453339,2.1058498661435
19118,19118_phase3_R71NoCue_1905301650.log,belief,239.79220108170873,491.47000091367084,0.5329243188185652,0.0006076206780415706,1.3479738446476588,,
19118,19118_phase3_R71NoCue_1905301650.log,belief_ck,134.83460399309556,293.4404054866979,0.7019475460973669,0.08539516246162804,1.6498412511530587,0.45011461419097115,2.4780514489786483
19118,19118_phase3_R71NoCue_1905311659.log,belief,365.71660001954916,744.0997592953777,0.5222622434288723,0.0005019535294769634,1.0822932829550942,,
19118,19118_phase3_R71NoCue_1905311659.log,belief_ck,217.72653604605026,460.7861906046593,0.6792774350445268,0.13786928101959822,1.4402431859422578,0.5423101157104185,2.208079697300175
19118,19118_phase3_R71NoCue_1906031633.log,belief,410.3481318290266,833.4632769278212,0.4999957762530268,0.999999,0.001,,
19118,19118_phase3_R71NoCue_1906031633.log,belief_ck,193.05280847749907,411.63964349453414,0.7217310495594954,0.1250885664981692,1.6456988949649896,0.4214018385620702,2.6658391697892743
19118,19118_phase3_R71NoCue_1906041626.log,belief,227.27780764441502,466.9403402677798,0.6282728120645762,0.0014155760785559504,2.871928166249187,,
19118,19118_phase3_R71NoCue_1906041626.log,belief_ck,130.50884471699698,285.78713939189345,0.7657578721566486,0.16279631327619737,4.294989082184194,0.4861446387194025,2.685256978313867
19118,19118_phase3_R71NoCue_1906051543.log,belief,327.12109536987225,666.6513062648819,0.5164118372076363,0.10092803848725769,1.3311817433491189,,
19118,19118_phase3_R71NoCue_1906051543.log,belief_ck,176.83206562317517,378.48236229662507,0.6996070237598849,0.3409312178235758,7.031140687673979,0.5017893618835367,2.4796016337503084
19118,19118_phase3_R71NoCue_1906061418.log,belief,300.55724397230546,613.3061370694753,0.5081743255860361,0.014161896929773442,0.7206862331415428,,
19118,19118_phase3_R71NoCue_1906061418.log,belief_ck,124.88811228874322,274.1595228272153,0.7548173102577741,0.3517848191075999,5.441950557831636,0.465053197834825,2.9332565309382965
19118,19118_phase3_R71NoCue_1906071532.log,belief,377.1582481701283,766.975938151302,0.5105348677424795,0.0011012600163131396,0.7473349454463746,,
19118,19118_phase3_R71NoCue_1906071532.log,belief_ck,150.64575833834905,326.6104002987889,0.7645019036735385,0.30223643621622975,5.637313284577474,0.4374120310196781,3.1296513200024436
19118,19118_phase3_R71NoCue_1906091709.log,belief,298.3600238344088,609.177069676,0.5551697759853477,0.0022863293309161176,1.8092777710889056,,
19118,19118_phase3_R71NoCue_1906091709.log,belief_ck,191.9852818707192,408.88460775580313,0.6847721012296621,0.15406561211981107,2.382183772909949,0.41959428874042887,2.2810920732994777
19118,19118_phase3_R71NoCue_1906101726.log,belief,365.5720071435308,743.6822068544741,0.5003881280201061,0.4960222527045052,27.507687265487256,,
19118,19118_phase3_R71NoCue_1906101726.log,belief_ck,238.58727151784328,502.2509281705116,0.6364370077985815,0.37902048443123,3.911564317955969,0.4277408310773193,2.131410955226594
19118,19118_phase3_R71NoCue_1906111618.log,belief,396.05898097822035,804.891720595166,0.5133661420282924,0.0020433073734616074,0.854143024179878,,
19118,19118_phase3_R71NoCue_1906111618.log,belief_ck,187.99127099052245,401.5300592584955,0.728706946810176,0.40479323888597596,12.684353928404954,0.5100283254510074,2.747925735876116
19118,19118_phase3_R71NoCue_1906121700.log,belief,258.01625536075824,528.1366890593653,0.5449304694562842,0.00021399995617269683,1.5754689443162277,,
19118,19118_phase3_R71NoCue_1906121700.log,belief_ck,195.7274234261183,415.66320352793423,0.6309459271926656,0.16841943984364297,1.6516071230617915,0.5327403156592684,1.8173219938512788
19118,19118_phase3_R71NoCue_1906131612.log,belief,309.5176300331098,631.4035578480946,0.5282526106207676,0.004337060734546248,1.272608039636545,,
19118,19118_phase3_R71NoCue_1906131612.log,belief_ck,199.4797122866985,423.6960201371469,0.66278914182154,0.26802547160659634,4.191865901966392,0.40373108381372674,2.291100646239978
19118,19118_phase3_R71NoCue_1906141725.log,belief,207.9793100413887,428.0861905001526,0.6165148839248757,0.0014459473399564603,2.751604367134162,,
19118,19118_phase3_R71NoCue_1906141725.log,belief_ck,117.18492370207666,258.62498823890377,0.7614558558071736,0.34611283781411634,9.72024721060018,0.6535246277447913,2.746157480707612
19118,19118_phase3_R71NoCue_1906171452.log,belief,446.99754774924236,906.9335961320762,0.5000638674212756,0.999999,0.05619289026301926,,
19118,19118_phase3_R71NoCue_1906171452.log,belief_ck,206.2155767104398,438.3081546880627,0.7263566927969334,0.2324580801768311,1.5079496848999947,0.46617719370282523,2.7501431038193345
19118,19118_phase3_R71NoCue_1906181701.log,belief,170.56879611676874,353.57877257373696,0.71240908542295,0.004990574342639116,4.07223742487577,,
19118,19118_phase3_R71NoCue_1906181701.log,belief_ck,89.16957631659446,203.22151331358788,0.8375490082886757,0.19445082723855922,7.692982725807923,0.5914472390948017,3.205795908449402
19118,19118_phase3_R71NoCue_1906191531.log,belief,116.20123418653382,244.37034093444203,0.7462472324529275,0.008461041439255617,4.912430192217822,,
19118,19118_phase3_R71NoCue_1906191531.log,belief_ck,63.23743475448223,150.41061463171323,0.8527505192665267,0.16221115536354122,10.01302215159813,0.5547619843046941,3.754547645092868
19118,19118_phase3_R71NoCue_1906201628.log,belief,302.91752293514986,618.1826180781036,0.5320178844695592,1.4898547489845526e-06,1.2678568545551854,,
19118,19118_phase3_R71NoCue_1906201628.log,belief_ck,178.00641667594877,380.70797776750527,0.6901497324318805,0.2686565126540555,3.11104411433142,0.39098119598867287,2.459709400117341
19118,19118_phase3_R71NoCue_1906211523.log,belief,222.13652896162964,456.19506860250584,0.5641038985173215,0.0009578538677804056,1.9730015644609862,,
19118,19118_phase3_R71NoCue_1906211523.log,belief_ck,149.45270977608476,322.7494409106626,0.6803231341996153,0.11533317348070776,2.003364400387963,0.4377107864605395,2.2610464699640778
19118,19118_phase3_R71NoCue_1906251415.log,belief,198.47508736806728,408.4361811117535,0.5293327115282078,0.0007209950949719605,1.2474121639805233,,
19118,19118_phase3_R71NoCue_1906251415.log,belief_ck,179.46399555550778,381.90000386225347,0.5625894620192017,0.03559025148638431,1.1322333742850577,0.3866824227352915,1.348505311432085
19118,19118_phase3_R71NoCue_1906261305.log,belief,233.92221901269815,479.73527924260947,0.5420690810371591,0.01360516147712913,1.644601306895973,,
19118,19118_phase3_R71NoCue_1906261305.log,belief_ck,200.84610503372235,425.473892501871,0.5910970014072403,0.12001677608407338,1.7922414659493942,0.4394246555573091,1.448334932376997
19118,19118_phase3_R71NoCue_1906271335.log,belief,277.6404028908384,567.2687286362899,0.5003887002786005,0.999999,0.15073035964270215,,
19118,19118_phase3_R71NoCue_1906271335.log,belief_ck,35.54805653091059,95.07195877104746,0.9151671799875561,0.08639912555713758,2.249810914396135,0.09815116956217422,5.1272886403423605
19118,19118_phase3_R71NoCue_1906281251.log,belief,232.16262222072953,476.46671989746403,0.5849830902683648,0.010304515660417247,2.4510369606352174,,
19118,19118_phase3_R71NoCue_1906281251.log,belief_ck,160.79502989156285,345.87301069513563,0.6898017039355755,0.03972818052895892,1.7623147971592585,0.522511552699842,1.9692748789570846
19118,19118_phase3_R71NoCue_1907011410.log,belief,260.7937119652597,533.4677664359602,0.5034357196452638,0.5033509097051715,100.0,,
19118,19118_phase3_R71NoCue_1907011410.log,belief_ck,154.56919821716522,332.8990814452122,0.6658032663571004,0.4184733591031434,3.835384766956112,0.2918549562621896,2.573198694279266
19118,19118_phase3_R71NoCue_1907021400.log,belief,210.13278072714664,432.53235754028657,0.6339282628853601,0.005206786578098679,3.1284436647548035,,
19118,19118_phase3_R71NoCue_1907021400.log,belief_ck,137.06355285324707,298.66069787848073,0.7428078346766339,0.06058523523185641,2.4785039068893435,0.5340348577496421,2.2729125897690396
19118,19118_phase3_R71NoCue_1907031413.log,belief,116.73891732215456,244.93153013948353,0.683685638609196,0.03252838635169503,4.532048334752529,,
19118,19118_phase3_R71NoCue_1907031413.log,belief_ck,94.32793489546255,211.56326078127387,0.7354614770026218,0.09051343613629981,4.331472353480346,0.7442327028248288,1.5787761380057226
19118,19118_phase3_R71NoCue_1907171247.log,belief,291.55217104456636,595.4477432839545,0.5440748685733209,1e-06,1.54185519403527,,
19118,19118_phase3_R71NoCue_1907171247.log,belief_ck,214.21777079710805,453.12234398385976,0.6394040372986179,0.19050592382375245,1.9637240717126623,0.4035829478736696,2.1035666627811738
19118,19118_phase3_R71NoCue_1907191447.log,belief,44.43052374433708,97.57446514205334,0.5657391915525299,0.00041702677282462935,1.8936734892132474,,
19118,19118_phase3_R71NoCue_1907191447.log,belief_ck,30.802981096209326,79.03279749917702,0.6737406637121578,0.004144543170817119,1.1750717408899447,0.575835058634499,1.93686544181379
19118,19118_phase3_R71NoCue_1908051149.log,belief,163.09780196089244,337.1232675318361,0.5010284559583268,0.999999,0.23648605301880476,,
19118,19118_phase3_R71NoCue_1908051149.log,belief_ck,69.84427331094315,161.54387384198876,0.7438243872599921,0.08710073897905136,2.4858427826516967,0.26078830400395125,3.2305237247014396
19118,19118_phase3_R71NoCue_1908061120.log,belief,323.64289307117383,659.5784446576855,0.5000608605027588,0.4944523298254221,7.576689383703669,,
19118,19118_phase3_R71NoCue_1908061120.log,belief_ck,147.9608299231929,320.5069768770614,0.7284526789722422,0.49166139305909,100.0,0.46345842109459817,2.783847379588341
19118,19118_phase3_R71NoCue_1908071149.log,belief,147.29022435260669,306.1357533516587,0.6338094723288701,4.4674192970106284e-05,2.8796846790203507,,
19118,19118_phase3_R71NoCue_1908071149.log,belief_ck,81.4398782962285,185.99036588534761,0.7771391595596457,0.2867332601808589,7.567409074899165,0.47012205900332155,2.8568579619276875
19118,19118_phase3_R71NoCue_1908081203.log,belief,197.65290630066772,407.17560099257463,0.5928041012953895,0.007154144117737234,2.519788325784604,,
19118,19118_phase3_R71NoCue_1908081203.log,belief_ck,130.498673401768,284.73692358601437,0.7080542345723195,0.14429485769997852,2.84978219968234,0.5460640638206528,2.0997801220219925
19118,19118_phase3_R71NoCue_1908091139.log,belief,187.60532105700818,387.3796409401667,0.6522372043960843,0.01021928880043819,3.4335693637915705,,
19118,19118_phase3_R71NoCue_1908091139.log,belief_ck,127.64542301126478,279.62884367483025,0.7476920665317535,0.12407939295100931,3.91335382122671,0.5564899398967607,2.2672410803098404
19118,19118_phase3_R71NoCue_1908121134.log,belief,293.68890489897115,600.1849581938119,0.6149342614912371,0.007551683472233078,2.881521656143191,,
19118,19118_phase3_R71NoCue_1908121134.log,belief_ck,209.16733874156208,443.9489742748634,0.7072977606757187,0.08627914012749426,2.8049834121662816,0.7917962822029727,1.820720359403813
19118,19118_phase3_R71NoCue_1908131156.log,belief,203.2671146426581,418.84394547334904,0.6494918446889965,0.0069305511332361305,3.376722632252703,,
19118,19118_phase3_R71NoCue_1908131156.log,belief_ck,162.93867697098565,350.496786318037,0.7075535315755832,0.03567951664938003,2.5862055977025675,0.4418301297409363,1.8166087767607806
19118,19118_phase3_R71NoCue_1908141126.log,belief,393.8533594616873,800.8484848480538,0.5760185871863668,0.014673486795652078,2.3519784415527347,,
19118,19118_phase3_R71NoCue_1908141126.log,belief_ck,304.213013795086,634.7095594395304,0.6530715093309909,0.11124184808604316,2.356529791339238,0.4956013804049466,1.776372958890765
19118,19118_phase3_R71NoCue_1908151133.log,belief,481.76596456640476,976.7042724425189,0.5145282699769533,0.02290416046768759,1.024216662353392,,
19118,19118_phase3_R71NoCue_1908151133.log,belief_ck,373.4847926773934,773.3142719742054,0.5974101170692502,0.1707980132401703,1.6207364340877863,0.4135771542131772,1.7329518119923015
19118,19118_phase3_R71NoCue_1908161130.log,belief,334.7280720908173,682.1752919189794,0.5603944817366937,0.0014145753535135916,1.8839137563580937,,
19118,19118_phase3_R71NoCue_1908161130.log,belief_ck,265.3963935705079,556.2310826157053,0.6318120548201674,0.22254573404870914,3.6792031542305677,0.5096479589069614,1.7621419828449028
19118,19118_phase3_R71NoCue_1908181622.log,belief,256.6239980334614,525.0857837754692,0.5016515834764348,0.48145125660646704,12.217872371448752,,
19118,19118_phase3_R71NoCue_1908181622.log,belief_ck,155.62341068415526,334.9223967854031,0.6581367767617884,0.20300563208553968,2.328355832617178,0.3031436817575416,2.469697294655545
19201,19201_phase3_R71NoCue_1903051434.log,belief,46.89206272933883,102.25233846787218,0.5068221570281146,0.507026339676,100.0,,
19201,19201_phase3_R71NoCue_1903051434.log,belief_ck,32.676469701311284,82.28936542101161,0.6227737273410693,0.5027896044339971,100.0,0.16906234526020172,2.4472833789770587
19201,19201_phase3_R71NoCue_1903061418.log,belief,46.34702135031351,101.32901892769965,0.5390428109139077,0.00010221203020915849,1.4298226505882217,,
19201,19201_phase3_R71NoCue_1903061418.log,belief_ck,44.73591248288749,106.74177741992023,0.5507474997078062,0.0002275535176773855,1.6501009327385618,0.03365947375544127,2.613788523241462
19201,19201_phase3_R71NoCue_1903071546.log,belief,88.48343133962479,186.6709232070888,0.500936061729073,0.49817700951621385,97.30035460876188,,
19201,19201_phase3_R71NoCue_1903071546.log,belief_ck,72.3217097166913,164.05154048906107,0.5683525551298858,0.5099872080303579,10.525906479466691,0.999999,1.102316937396984
19201,19201_phase3_R71NoCue_1903081554.log,belief,304.2813518060232,620.7317024381967,0.5000116863094524,0.49841551012766383,12.326300656252096,,
19201,19201_phase3_R71NoCue_1903081554.log,belief_ck,193.66325715261215,411.66451195752495,0.6432985390153425,0.4975241563353659,46.08861613543563,0.44222069778951195,2.1299848784177264
19202,19202_phase3_R71NoCue_1903061446.log,belief,102.36403304797528,214.81491632978907,0.5166378588073274,0.18026777233085783,1.8929346527304955,,
19202,19202_phase3_R71NoCue_1903061446.log,belief_ck,93.8845439001365,207.94278826795,0.545688633160298,0.2802975625102068,2.2976588376540277,0.5296968085907565,1.006079300857902
19202,19202_phase3_R71NoCue_1903071609.log,belief,47.23230894057502,103.63455283849117,0.6175703214159943,0.034443799698215524,3.6193639001596583,,
19202,19202_phase3_R71NoCue_1903071609.log,belief_ck,30.95241984725391,80.24470960919011,0.729175366091752,0.07911090073074362,4.568154981708193,0.3009916673250973,2.3459737276602444
19202,19202_phase3_R71NoCue_1903081601.log,belief,63.811062085494946,136.77154612799666,0.5179658316927284,0.508307156393968,100.0,,
19202,19202_phase3_R71NoCue_1903081601.log,belief_ck,17.187864353714158,52.67457262144185,0.8376168707342481,0.5386100262379001,5.977096887773912,0.2860812238586137,3.8503169771621817
19202,19202_phase3_R71NoCue_1903081644.log,belief,67.94969359964391,145.79690698004416,0.6176009632756216,0.018442341479399868,2.978155604454785,,
19202,19202_phase3_R71NoCue_1903081644.log,belief_ck,60.71396274051418,141.22296504254103,0.6501218445997842,0.06156471019748851,2.1837880206736533,0.45358995357814264,1.3776375584558396
19203,19203_phase3_R71NoCue_1906271452.log,belief,280.9761553873446,573.9894972036816,0.5047761169662969,0.5041941036601424,100.0,,
19203,19203_phase3_R71NoCue_1906271452.log,belief_ck,194.59705088182622,413.2684746216374,0.6228359339543855,0.5027462899618954,9.614110341939412,0.27850780991486607,2.1785054932120698
19203,19203_phase3_R71NoCue_1906281419.log,belief,201.94371934808174,415.24094630070005,0.5007801583149957,0.9998772603060602,0.2096492953022133,,
19203,19203_phase3_R71NoCue_1906281419.log,belief_ck,161.10843067999696,344.92387656906703,0.5759460989026985,0.165200458812466,0.822771042019377,0.24135713411452372,1.960954241129505
19203,19203_phase3_R71NoCue_1907011511.log,belief,351.48762688608906,715.4752042566971,0.5073533667887684,0.5049855714213048,100.0,,
19203,19203_phase3_R71NoCue_1907011511.log,belief_ck,250.59782796635392,526.1955569017458,0.6164490580644653,0.6400337505298707,1.3899226782699905,0.3683411871492531,1.9936147200508987
19203,19203_phase3_R71NoCue_1907021512.log,belief,391.93955295260696,796.6528645439392,0.5169387428760834,0.5078286104312111,100.0,,
19203,19203_phase3_R71NoCue_1907021512.log,belief_ck,211.5669967564699,448.6815107903904,0.7003511721656887,0.4604881293576865,3.5997862325730794,0.19290141249230755,2.7461304665400346
19203,19203_phase3_R71NoCue_1907031231.log,belief,232.9923363055292,477.6775501611738,0.5099777124901987,0.5059492651365273,100.0,,
19203,19203_phase3_R71NoCue_1907031231.log,belief_ck,124.00369000639856,271.393135113028,0.6987989749126428,0.5018201354677759,77.0200341260603,0.270069290917237,2.709649919510488
19203,19203_phase3_R71NoCue_1907041457.log,belief,316.76658488830657,645.7825365584015,0.500001834388035,0.49925598186730735,10.012705689573322,,
19203,19203_phase3_R71NoCue_1907041457.log,belief_ck,207.73339882228137,439.96553120813957,0.6347279103417138,0.25774078428828484,2.352038297212819,0.1924275468272072,2.547624752909518
19203,19203_phase3_R71NoCue_1907051449.log,belief,460.2538610503976,933.504286399748,0.4999968876914682,0.999999,0.001,,
19203,19203_phase3_R71NoCue_1907051449.log,belief_ck,229.69348166197767,485.3800919218611,0.7075663180021118,0.053321995897753355,0.6843551800012617,0.29803200984478195,2.8466120672463653
19203,19203_phase3_R71NoCue_1907080816.log,belief,182.7783791117465,376.81918178713573,0.519379921090567,8.193703881266732e-06,1.0845475562117373,,
19203,19203_phase3_R71NoCue_1907080816.log,belief_ck,160.70723792598116,343.9393229792478,0.5621359213076953,0.49692498538270713,100.0,0.2997065510130282,1.636028105389309
19203,19203_phase3_R71NoCue_1907090825.log,belief,166.37406397409669,344.5697212362744,0.6370684182753529,0.526966141639202,100.0,,
19203,19203_phase3_R71NoCue_1907090825.log,belief_ck,13.7972336773013,51.23765393076471,0.9632995299523897,0.492158474264778,14.149573027767389,0.28402448188350404,5.417112900905029
19203,19203_phase3_R71NoCue_1907100805.log,belief,258.7143069248491,529.6910668286645,0.5698270379705445,0.5173126439615884,100.0,,
19203,19203_phase3_R71NoCue_1907100805.log,belief_ck,46.518794746736766,117.5624954514061,0.9038175043697158,0.45268859927712196,26.047393535187002,0.18764169943016507,4.877343093927049
19203,19203_phase3_R71NoCue_1907110826.log,belief,302.905836922414,617.9715402350191,0.4999994061585702,1e-06,0.001,,
19203,19203_phase3_R71NoCue_1907110826.log,belief_ck,258.03524027811716,540.3902133366166,0.5540670019570672,0.4261518540888871,5.456132080767671,0.3018742108327835,1.5829406457463526
19203,19203_phase3_R71NoCue_1907120824.log,belief,249.39117034719095,510.5766484296554,0.5040193706213041,0.010988368411942279,0.4823599530032667,,
19203,19203_phase3_R71NoCue_1907120824.log,belief_ck,227.66736379788313,478.92334306631324,0.5350153768874197,0.9999832376466514,0.1797397892432613,0.34055625165159564,1.2725583583726996
19203,19203_phase3_R71NoCue_1907151341.log,belief,355.27803023176426,723.044394264856,0.5016461677764992,0.4977419760561104,100.0,,
19203,19203_phase3_R71NoCue_1907151341.log,belief_ck,303.1175982163562,631.2118640353674,0.5551161762225734,0.496396431188006,100.0,0.3061718641342211,1.5796741480256844
19203,19203_phase3_R71NoCue_1907161452.log,belief,346.3361757085803,705.1567979480709,0.5097648238532334,0.5057712084188842,100.0,,
19203,19203_phase3_R71NoCue_1907161452.log,belief_ck,195.6778102613777,416.32451358457604,0.6833855191724169,0.49703088131367273,100.0,0.21674338980069946,2.8029449445391355
19203,19203_phase3_R71NoCue_1907171419.log,belief,327.65536995997417,667.8068256689652,0.5305915278255552,0.018399577476701963,1.4254482198669527,,
19203,19203_phase3_R71NoCue_1907171419.log,belief_ck,286.17736819584053,597.3469078897148,0.574914145614774,0.09402381108280408,1.2847098637435725,0.49721159119366093,1.2871317248022707
19203,19203_phase3_R71NoCue_1907181455.log,belief,91.36128404630486,192.67603557745088,0.5325503557882335,0.5109166906645635,100.0,,
19203,19203_phase3_R71NoCue_1907181455.log,belief_ck,0.6931482265341038,21.293231422750505,0.9952310750084598,0.6857883519918612,8.232470207088879,0.8865954502777471,19.15788611081772
19203,19203_phase3_R71NoCue_1907181524.log,belief,176.42894453111748,364.0914312575681,0.5264705953292113,0.08718284465947691,1.873496398207946,,
19203,19203_phase3_R71NoCue_1907181524.log,belief_ck,111.57539378958012,245.61787196982652,0.6664909587715391,0.18455725084486815,2.3398152924988986,0.3275486663775635,2.25521266428057
19203,19203_phase3_R71NoCue_1907191449.log,belief,309.1495761255447,630.5087387159193,0.5015429570412323,0.5023058913772708,100.0,,
19203,19203_phase3_R71NoCue_1907191449.log,belief_ck,134.92421274143138,294.2675984125227,0.7399518831069751,0.4959204742854976,100.0,0.43883280195626556,2.827234927026239
19204,19204_phase3_R71NoCue_1906271456.log,belief,225.17233766917235,461.93679083987547,0.5043855111572574,0.44941304733149645,7.400710402676627,,
19204,19204_phase3_R71NoCue_1906271456.log,belief_ck,216.5751859130849,456.3346028292313,0.5177394063474714,0.014830795297749695,0.8008266162884928,0.080476874544219,1.3244649586231951
19204,19204_phase3_R71NoCue_1906281422.log,belief,196.43705083120784,404.19306609393493,0.5043677297358266,0.5038910271487583,100.0,,
19204,19204_phase3_R71NoCue_1906281422.log,belief_ck,147.27613498232188,317.19019882768225,0.5986026451095641,0.49762408319290996,13.681750503771042,0.17822901941512803,2.2176100852950826
19204,19204_phase3_R71NoCue_1907011514.log,belief,273.06508423541646,558.0828702894288,0.5000442975271322,0.999999,0.04638776156757692,,
19204,19204_phase3_R71NoCue_1907011514.log,belief_ck,227.00464921124922,477.91470205969017,0.5620559201409713,0.49706573125826475,100.0,0.19001799991229074,1.8593911863390493
19204,19204_phase3_R71NoCue_1907021515.log,belief,284.5223216535403,581.081829736073,0.5004395721331115,0.5024192933932644,49.378872537779976,,
19204,19204_phase3_R71NoCue_1907021515.log,belief_ck,203.22273188118947,430.5198366203639,0.6099006513871675,0.514382982065424,1.1524257118726247,0.2974088121928074,2.0798235408817027
19204,19204_phase3_R71NoCue_1907031235.log,belief,302.0933950789417,616.4008359333678,0.5102707572845211,0.5058600588481922,100.0,,
19204,19204_phase3_R71NoCue_1907031235.log,belief_ck,170.25341442917966,364.93492040932836,0.6844199751193214,0.4977834677093279,63.35508146790754,0.2608480017498914,2.6304793324346876
19204,19204_phase3_R71NoCue_1907041500.log,belief,287.3061831152139,586.8485606265106,0.5310851023745576,0.5113327872767918,100.0,,
19204,19204_phase3_R71NoCue_1907041500.log,belief_ck,147.06389967091803,318.6001881340015,0.7233013820088706,0.6171121539801293,0.7744925950263873,0.1768124616096114,2.8760921625950435
19204,19204_phase3_R71NoCue_1907051453.log,belief,449.9583498156378,912.9871821733029,0.5204507508925047,0.0007636011316992476,1.0613228476117456,,
19204,19204_phase3_R71NoCue_1907051453.log,belief_ck,342.735758964123,711.6124830123007,0.6080857213174478,0.03125200514130984,0.8068006235570268,0.3504702162675615,1.9028507357311941
19204,19204_phase3_R71NoCue_1907080819.log,belief,193.91543667131327,399.1706351885876,0.5123875946404248,0.06097067800988273,1.1057357367897724,,
19204,19204_phase3_R71NoCue_1907080819.log,belief_ck,146.27714244421816,315.2338085803584,0.6038654085150181,0.06632103010074297,0.8526315661055224,0.39733436014346485,1.7943466937432018
19204,19204_phase3_R71NoCue_1907090829.log,belief,136.5209352866008,283.658405968004,0.508725747415138,0.006709684519022125,0.7406956774569518,,
19204,19204_phase3_R71NoCue_1907090829.log,belief_ck,89.39356583509962,200.02020245980407,0.6424010992920923,0.14599200814970145,1.2971173075098934,0.5334009282107314,2.004699607365702
19204,19204_phase3_R71NoCue_1907100807.log,belief,167.06408430600996,345.3905921756627,0.5494728026439725,1e-06,1.6223399092785067,,
19204,19204_phase3_R71NoCue_1907100807.log,belief_ck,103.31148528041409,229.14781768811363,0.6905326228878302,0.17701774439780085,2.894229063295122,0.4241521160511638,2.4171009410754936
19204,19204_phase3_R71NoCue_1907110829.log,belief,358.62964883376446,729.7707977510356,0.5024050288666273,0.5029081471449666,100.0,,
19204,19204_phase3_R71NoCue_1907110829.log,belief_ck,144.2736958131993,313.5703917934121,0.7581175072790901,0.1363134274112978,1.3666871434573964,0.3836098930955139,3.106488861198922
19204,19204_phase3_R71NoCue_1907120827.log,belief,365.2906875071295,743.1157761113418,0.49999798543855717,0.999999,0.001,,
19204,19204_phase3_R71NoCue_1907120827.log,belief_ck,160.34244515261196,345.7536924993894,0.7376726517181829,0.4952855724803136,100.0,0.41046648506450356,2.812324014982302
19204,19204_phase3_R71NoCue_1907151343.log,belief,247.4558519090822,506.6671753817237,0.4999967668883498,0.9994507357748175,0.001,,
19204,19204_phase3_R71NoCue_1907151343.log,belief_ck,138.85841156545547,301.2277662580295,0.6777619654875064,0.1714422207341339,1.5285060303074494,0.3565114458148629,2.3824412698528077
19204,19204_phase3_R71NoCue_1907161506.log,belief,295.127339191263,602.3682464089833,0.5009922090657467,0.49552187656069474,39.74850344147348,,
19204,19204_phase3_R71NoCue_1907161506.log,belief_ck,101.86115623831235,227.94944852953918,0.7877687338307653,0.08929116525829069,1.7996862647174139,0.5068137741491039,3.133026226679929
19204,19204_phase3_R71NoCue_1907171420.log,belief,225.29700837904744,462.33261058436244,0.529177043633582,0.5109890726703415,100.0,,
19204,19204_phase3_R71NoCue_1907171420.log,belief_ck,57.09357234145443,137.66433233544396,0.8510526552183867,0.4897016040157668,100.0,0.4392595393677665,3.9799794962109547
19204,19204_phase3_R71NoCue_1907181458.log,belief,354.0443814965472,720.5615021735018,0.5001505390660586,0.999999,0.08899746613484526,,
19204,19204_phase3_R71NoCue_1907181458.log,belief_ck,57.503446604307534,139.95237156942989,0.8935694613532087,0.49619511782119596,14.877054942894391,0.5755378579745597,3.965523882527577
19204,19204_phase3_R71NoCue_1907191451.log,belief,274.34578677513593,560.6544019727809,0.5001774263294784,0.4924783733959327,9.936749015410953,,
19204,19204_phase3_R71NoCue_1907191451.log,belief_ck,84.52617071628781,192.97799827759354,0.8077926085035435,0.03974747456115698,1.7024300958118903,0.545230804304977,3.239777710519589
